"taxref";"sp";"flore";"family";"rank";"source";"photo";"obs"
;"Abildgaardia ovata";;"Cyperaceae";;;;
;"Acroceras elegans";;"Poaceae";1;"mnhn";"http://mediaphoto.mnhn.fr/media/1445439854637hXrXBDndX6lRxXmY";"http://coldb.mnhn.fr/catalognumber/mnhn/p/p00852393"
;"Agrostis capillaris";;"Poaceae";1;"inat";"https://inaturalist-open-data.s3.amazonaws.com/photos/89286272/large.jpeg?1597082150";"https://www.inaturalist.org/observations/56050220"
;"Agrostis capillaris";;"Poaceae";2;"inat";"https://inaturalist-open-data.s3.amazonaws.com/photos/150446270/large.jpeg?1628860474";"https://www.inaturalist.org/observations/90993364"
;"Agrostis capillaris";;"Poaceae";3;"inat";"https://inaturalist-open-data.s3.amazonaws.com/photos/149235705/large.jpeg?1628367654";"https://www.inaturalist.org/observations/90306664"
;"Agrostis capillaris";;"Poaceae";4;"inat";"https://inaturalist-open-data.s3.amazonaws.com/photos/146975689/large.jpeg?1627538636";"https://www.inaturalist.org/observations/89031666"
;"Agrostis capillaris";;"Poaceae";5;"inat";"https://inaturalist-open-data.s3.amazonaws.com/photos/142843580/large.jpeg?1626071650";"https://www.inaturalist.org/observations/86683554"
;"Agrostis capillaris";;"Poaceae";6;"inat";"https://inaturalist-open-data.s3.amazonaws.com/photos/58883871/large.jpeg?1577917280";"https://www.inaturalist.org/observations/37172734"
;"Agrostis capillaris";;"Poaceae";7;"inat";"https://inaturalist-open-data.s3.amazonaws.com/photos/30911545/large.jpg?1549086089";"https://www.inaturalist.org/observations/20025037"
705796;"Agrostis salaziensis";;"Poaceae";1;"mnhn";"http://mediaphoto.mnhn.fr/media/1441336256996DW1wnkix8wZgkXOw";"http://coldb.mnhn.fr/catalognumber/mnhn/p/p03381697"
;"Agrostis stolonifera";"Agrostis stolonifera";"Poaceae";1;"inat";"https://inaturalist-open-data.s3.amazonaws.com/photos/88847132/large.jpeg?1596885026";"https://www.inaturalist.org/observations/55782693"
;"Agrostis stolonifera";"Agrostis stolonifera";"Poaceae";2;"inat";"https://inaturalist-open-data.s3.amazonaws.com/photos/146870811/large.jpeg?1627499245";"https://www.inaturalist.org/observations/88975698"
;"Agrostis stolonifera";"Agrostis stolonifera";"Poaceae";3;"inat";"https://inaturalist-open-data.s3.amazonaws.com/photos/149176451/large.jpg?1628352155";"https://www.inaturalist.org/observations/90276729"
;"Agrostis stolonifera";"Agrostis stolonifera";"Poaceae";4;"inat";"https://inaturalist-open-data.s3.amazonaws.com/photos/64728075/large.jpeg?1585334099";"https://www.inaturalist.org/observations/40830185"
;"Agrostis stolonifera";"Agrostis stolonifera";"Poaceae";5;"inat";"https://inaturalist-open-data.s3.amazonaws.com/photos/64728013/large.jpeg?1585334069";"https://www.inaturalist.org/observations/40830185"
;"Agrostis stolonifera";"Agrostis stolonifera";"Poaceae";6;"inat";"https://inaturalist-open-data.s3.amazonaws.com/photos/149176397/large.jpg?1628352140";"https://www.inaturalist.org/observations/90276729"
;"Agrostis stolonifera";"Agrostis stolonifera";"Poaceae";7;"inat";"https://inaturalist-open-data.s3.amazonaws.com/photos/140962309/large.jpeg?1625422450";"https://www.inaturalist.org/observations/85653277"
;"Alloteropsis paniculata";;"Poaceae";1;"inat";"https://inaturalist-open-data.s3.amazonaws.com/photos/105333423/large.jpg?1606090400";"https://www.inaturalist.org/observations/65442304"
;"Alloteropsis paniculata";;"Poaceae";2;"inat";"https://inaturalist-open-data.s3.amazonaws.com/photos/108105410/large.jpg?1608765593";"https://www.inaturalist.org/observations/66980778"
;"Anthoxanthum odoratum";"Anthoxanthum odoratum";"Poaceae";1;"inat";"https://inaturalist-open-data.s3.amazonaws.com/photos/146769358/large.jpeg?1627457314";"https://www.inaturalist.org/observations/88913937"
;"Anthoxanthum odoratum";"Anthoxanthum odoratum";"Poaceae";2;"inat";"https://inaturalist-open-data.s3.amazonaws.com/photos/146769371/large.jpeg?1627457325";"https://www.inaturalist.org/observations/88913937"
;"Anthoxanthum odoratum";"Anthoxanthum odoratum";"Poaceae";3;"inat";"https://inaturalist-open-data.s3.amazonaws.com/photos/129752712/large.jpeg?1621304050";"https://www.inaturalist.org/observations/79228695"
;"Anthoxanthum odoratum";"Anthoxanthum odoratum";"Poaceae";4;"inat";"https://inaturalist-open-data.s3.amazonaws.com/photos/138935283/large.jpeg?1624699065";"https://www.inaturalist.org/observations/84524704"
;"Anthoxanthum odoratum";"Anthoxanthum odoratum";"Poaceae";5;"inat";"https://inaturalist-open-data.s3.amazonaws.com/photos/127330895/large.jpeg?1620440331";"https://www.inaturalist.org/observations/77838556"
;"Anthoxanthum odoratum";"Anthoxanthum odoratum";"Poaceae";6;"inat";"https://inaturalist-open-data.s3.amazonaws.com/photos/127330952/large.jpeg?1620440351";"https://www.inaturalist.org/observations/77838556"
;"Anthoxanthum odoratum";"Anthoxanthum odoratum";"Poaceae";7;"inat";"https://inaturalist-open-data.s3.amazonaws.com/photos/129752417/large.jpeg?1621303961";"https://www.inaturalist.org/observations/79228607"
;"Aristida adscensionis";"Aristida adscensionis";"Poaceae";1;"inat";"https://inaturalist-open-data.s3.amazonaws.com/photos/137397992/large.jpeg?1624116503";"https://www.inaturalist.org/observations/83647120"
;"Aristida adscensionis";"Aristida adscensionis";"Poaceae";2;"inat";"https://inaturalist-open-data.s3.amazonaws.com/photos/124485062/large.jpeg?1619862849";"https://www.inaturalist.org/observations/76084077"
;"Aristida adscensionis";"Aristida adscensionis";"Poaceae";3;"inat";"https://static.inaturalist.org/photos/31333269/large.jpg?1549947047";"https://www.inaturalist.org/observations/20295627"
;"Aristida adscensionis";"Aristida adscensionis";"Poaceae";4;"inat";"https://static.inaturalist.org/photos/31163072/large.jpg?1549578553";"https://www.inaturalist.org/observations/20194703"
;"Aristida adscensionis";"Aristida adscensionis";"Poaceae";5;"inat";"https://static.inaturalist.org/photos/67389873/large.jpg?1587176808";"https://www.inaturalist.org/observations/42441240"
;"Aristida adscensionis";"Aristida adscensionis";"Poaceae";6;"inat";"https://static.inaturalist.org/photos/67389936/large.jpg?1587176838";"https://www.inaturalist.org/observations/42441240"
;"Aristida adscensionis";"Aristida adscensionis";"Poaceae";7;"inat";"https://inaturalist-open-data.s3.amazonaws.com/photos/30678466/large.jpg?1548550264";"https://www.inaturalist.org/observations/19893012"
;"Aristida mauritiana";"Aristida mauritiana";"Poaceae";;"mnhn";"http://mediaphoto.mnhn.fr/media/1442516245660kGDD7L9P1qSqwWjM";"http://coldb.mnhn.fr/catalognumber/mnhn/p/p00541689"
;"Aristida setacea";"Aristida setacea";"Poaceae";1;"mnhn";"http://mediaphoto.mnhn.fr/media/144251624308794ftZhfphnYtNQT8";"http://coldb.mnhn.fr/catalognumber/mnhn/p/p00541688"
;"Arrhenatherum elatius";"Arrhenatherum elatius";"Poaceae";1;"inat";"https://inaturalist-open-data.s3.amazonaws.com/photos/95761815/large.jpeg?1600376190";"https://www.inaturalist.org/observations/59911538"
;"Arrhenatherum elatius";"Arrhenatherum elatius";"Poaceae";2;"inat";"https://inaturalist-open-data.s3.amazonaws.com/photos/131278344/large.jpg?1621869787";"https://www.inaturalist.org/observations/80113976"
;"Arrhenatherum elatius";"Arrhenatherum elatius";"Poaceae";3;"inat";"https://inaturalist-open-data.s3.amazonaws.com/photos/86225544/large.jpeg?1595623005";"https://www.inaturalist.org/observations/54199397"
;"Arrhenatherum elatius";"Arrhenatherum elatius";"Poaceae";4;"inat";"https://inaturalist-open-data.s3.amazonaws.com/photos/148770750/large.jpg?1628183985";"https://www.inaturalist.org/observations/90047972"
;"Arrhenatherum elatius";"Arrhenatherum elatius";"Poaceae";5;"inat";"https://inaturalist-open-data.s3.amazonaws.com/photos/113581320/large.jpeg?1613923663";"https://www.inaturalist.org/observations/69927803"
;"Arrhenatherum elatius";"Arrhenatherum elatius";"Poaceae";6;"inat";"https://inaturalist-open-data.s3.amazonaws.com/photos/147742199/large.jpeg?1627820822";"https://www.inaturalist.org/observations/89466797"
;"Arrhenatherum elatius";"Arrhenatherum elatius";"Poaceae";7;"inat";"https://inaturalist-open-data.s3.amazonaws.com/photos/126929866/large.jpeg?1620309863";"https://www.inaturalist.org/observations/77605596"
;"Asterochaete borbonica";;"Cyperaceae";;;;
;"Asterochaete nitens";;"Cyperaceae";;;;
;"Avena sativa";"Avena sativa";"Poaceae";1;"inat";"https://inaturalist-open-data.s3.amazonaws.com/photos/36134120/large.jpeg?1556348000";"https://www.inaturalist.org/observations/23323301"
;"Avena sativa";"Avena sativa";"Poaceae";2;"inat";"https://inaturalist-open-data.s3.amazonaws.com/photos/147524504/large.jpeg?1627749406";"https://www.inaturalist.org/observations/89348422"
;"Avena sativa";"Avena sativa";"Poaceae";3;"inat";"https://inaturalist-open-data.s3.amazonaws.com/photos/1058956/large.jpg?1408388300";"https://www.inaturalist.org/observations/836656"
;"Avena sativa";"Avena sativa";"Poaceae";4;"inat";"https://inaturalist-open-data.s3.amazonaws.com/photos/6981845/large.jpeg?1491862583";"https://www.inaturalist.org/observations/5642466"
;"Avena sativa";"Avena sativa";"Poaceae";5;"inat";"https://inaturalist-open-data.s3.amazonaws.com/photos/94412734/large.jpeg?1599708115";"https://www.inaturalist.org/observations/59103441"
;"Avena sativa";"Avena sativa";"Poaceae";6;"inat";"https://inaturalist-open-data.s3.amazonaws.com/photos/81827524/large.jpeg?1593541975";"https://www.inaturalist.org/observations/51499426"
;"Avena sativa";"Avena sativa";"Poaceae";7;"inat";"https://inaturalist-open-data.s3.amazonaws.com/photos/7230805/large.jpeg?1492492569";"https://www.inaturalist.org/observations/5815040"
;"Avena sterilis";;"Poaceae";;;;
;"Axonopus compressus";"Axonopus compressus";"Poaceae";1;"inat";"https://inaturalist-open-data.s3.amazonaws.com/photos/146995609/large.jpeg?1627553263";"https://www.inaturalist.org/observations/89041617"
;"Axonopus compressus";"Axonopus compressus";"Poaceae";2;"inat";"https://inaturalist-open-data.s3.amazonaws.com/photos/147852165/large.jpeg?1627845388";"https://www.inaturalist.org/observations/89527276"
;"Axonopus compressus";"Axonopus compressus";"Poaceae";3;"inat";"https://inaturalist-open-data.s3.amazonaws.com/photos/146995640/large.jpeg?1627553276";"https://www.inaturalist.org/observations/89041617"
;"Axonopus compressus";"Axonopus compressus";"Poaceae";4;"inat";"https://inaturalist-open-data.s3.amazonaws.com/photos/146995682/large.jpeg?1627553296";"https://www.inaturalist.org/observations/89041617"
;"Axonopus compressus";"Axonopus compressus";"Poaceae";5;"inat";"https://inaturalist-open-data.s3.amazonaws.com/photos/147852216/large.jpeg?1627845397";"https://www.inaturalist.org/observations/89527276"
;"Axonopus compressus";"Axonopus compressus";"Poaceae";6;"inat";"https://inaturalist-open-data.s3.amazonaws.com/photos/147852514/large.jpeg?1627845455";"https://www.inaturalist.org/observations/89527276"
;"Axonopus compressus";"Axonopus compressus";"Poaceae";7;"inat";"https://inaturalist-open-data.s3.amazonaws.com/photos/147852558/large.jpeg?1627845465";"https://www.inaturalist.org/observations/89527276"
;"Axonopus fissifolius";"Axonopus fissifolius";"Poaceae";1;"inat";"https://inaturalist-open-data.s3.amazonaws.com/photos/139620328/large.jpeg?1624922589";"https://www.inaturalist.org/observations/84911927"
;"Axonopus fissifolius";"Axonopus fissifolius";"Poaceae";2;"inat";"https://inaturalist-open-data.s3.amazonaws.com/photos/83176567/large.jpeg?1594174246";"https://www.inaturalist.org/observations/52327147"
;"Axonopus fissifolius";"Axonopus fissifolius";"Poaceae";3;"inat";"https://inaturalist-open-data.s3.amazonaws.com/photos/7952567/large.jpeg?1495431405";"https://www.inaturalist.org/observations/6314892"
;"Axonopus fissifolius";"Axonopus fissifolius";"Poaceae";4;"inat";"https://inaturalist-open-data.s3.amazonaws.com/photos/139620373/large.jpeg?1624922609";"https://www.inaturalist.org/observations/84911927"
;"Axonopus fissifolius";"Axonopus fissifolius";"Poaceae";5;"inat";"https://inaturalist-open-data.s3.amazonaws.com/photos/139620486/large.jpeg?1624922657";"https://www.inaturalist.org/observations/84911927"
;"Axonopus fissifolius";"Axonopus fissifolius";"Poaceae";6;"inat";"https://inaturalist-open-data.s3.amazonaws.com/photos/139620468/large.jpeg?1624922649";"https://www.inaturalist.org/observations/84911927"
;"Axonopus fissifolius";"Axonopus fissifolius";"Poaceae";7;"inat";"https://inaturalist-open-data.s3.amazonaws.com/photos/139620450/large.jpeg?1624922642";"https://www.inaturalist.org/observations/84911927"
;"Bambusa multiplex";;"Poaceae";;;;
;"Bambusa vulgaris";;"Poaceae";;;;
;"Bolboschoenus glaucus";;"Cyperaceae";;;;
;"Bothriochloa bladhii";;"Poaceae";1;"inat";"https://inaturalist-open-data.s3.amazonaws.com/photos/97583574/large.jpeg?1601236153";"https://www.inaturalist.org/observations/61007456"
;"Bothriochloa bladhii";;"Poaceae";2;"inat";"https://inaturalist-open-data.s3.amazonaws.com/photos/41587210/large.jpeg?1560201545";"https://www.inaturalist.org/observations/26769986"
;"Bothriochloa bladhii";;"Poaceae";3;"inat";"https://inaturalist-open-data.s3.amazonaws.com/photos/120279353/large.jpeg?1618171051";"https://www.inaturalist.org/observations/73658975"
;"Bothriochloa bladhii";;"Poaceae";4;"inat";"https://inaturalist-open-data.s3.amazonaws.com/photos/121496234/large.jpg?1618731899";"https://www.inaturalist.org/observations/74345232"
;"Bothriochloa bladhii";;"Poaceae";5;"inat";"https://inaturalist-open-data.s3.amazonaws.com/photos/101554381/large.jpeg?1603421810";"https://www.inaturalist.org/observations/63293222"
;"Bothriochloa bladhii";;"Poaceae";6;"inat";"https://inaturalist-open-data.s3.amazonaws.com/photos/148673671/large.jpeg?1628136612";"https://www.inaturalist.org/observations/89996326"
;"Bothriochloa bladhii";;"Poaceae";7;"inat";"https://inaturalist-open-data.s3.amazonaws.com/photos/107181194/large.jpg?1607805262";"https://www.inaturalist.org/observations/66481437"
;"Bothriochloa pertusa";;"Poaceae";;;;
;"Brachiaria serpens";;"Poaceae";1;"mnhn";"http://mediaphoto.mnhn.fr/media/1441338987131QIsyJ0qntiS9d1db";"http://coldb.mnhn.fr/catalognumber/mnhn/p/p00488426"
;"Brachiaria umbellata";;"Poaceae";1;"inat";"https://inaturalist-open-data.s3.amazonaws.com/photos/79268249/large.jpeg?1592380104";"https://www.inaturalist.org/observations/49923918"
;"Brachiaria umbellata";;"Poaceae";2;"inat";"https://inaturalist-open-data.s3.amazonaws.com/photos/79267290/large.jpeg?1592379015";"https://www.inaturalist.org/observations/49923918"
;"Brachiaria umbellata";;"Poaceae";3;"inat";"https://inaturalist-open-data.s3.amazonaws.com/photos/6423277/large.jpeg?1488356665";"https://www.inaturalist.org/observations/5201843"
;"Brachiaria umbellata";;"Poaceae";4;"inat";"https://inaturalist-open-data.s3.amazonaws.com/photos/104633898/large.jpg?1605554644";"https://www.inaturalist.org/observations/65028808"
;"Brachiaria umbellata";;"Poaceae";5;"inat";"https://inaturalist-open-data.s3.amazonaws.com/photos/105340297/large.jpg?1606094371";"https://www.inaturalist.org/observations/65446029"
;"Brachiaria umbellata";;"Poaceae";6;"inat";"https://inaturalist-open-data.s3.amazonaws.com/photos/105619114/large.jpg?1606340707";"https://www.inaturalist.org/observations/65602902"
;"Brachiaria umbellata";;"Poaceae";7;"inat";"https://inaturalist-open-data.s3.amazonaws.com/photos/79267280/large.jpeg?1592379007";"https://www.inaturalist.org/observations/49923918"
;"Brachypodium flexum";;"Poaceae";1;"inat";"https://inaturalist-open-data.s3.amazonaws.com/photos/64813531/large.jpeg?1585404652";"https://www.inaturalist.org/observations/40881747"
;"Brachypodium flexum";;"Poaceae";2;"inat";"https://inaturalist-open-data.s3.amazonaws.com/photos/64813523/large.jpeg?1585404644";"https://www.inaturalist.org/observations/40881747"
;"Brachypodium flexum";;"Poaceae";3;"inat";"https://inaturalist-open-data.s3.amazonaws.com/photos/67736067/large.jpg?1587373617";"https://www.inaturalist.org/observations/42653951"
;"Brachypodium flexum";;"Poaceae";4;"inat";"https://inaturalist-open-data.s3.amazonaws.com/photos/67736149/large.jpg?1587373676";"https://www.inaturalist.org/observations/42653951"
;"Brachypodium flexum";;"Poaceae";5;"inat";"https://inaturalist-open-data.s3.amazonaws.com/photos/59171774/large.jpeg?1578319664";"https://www.inaturalist.org/observations/37337411"
;"Brachypodium flexum";;"Poaceae";6;"inat";"https://inaturalist-open-data.s3.amazonaws.com/photos/15396349/large.jpg?1523771243";"https://www.inaturalist.org/observations/10947414"
;"Brachypodium flexum";;"Poaceae";7;"inat";"https://inaturalist-open-data.s3.amazonaws.com/photos/64813572/large.jpeg?1585404675";"https://www.inaturalist.org/observations/40881747"
;"Briza maxima";;"Poaceae";1;"inat";"https://inaturalist-open-data.s3.amazonaws.com/photos/150628319/large.jpeg?1628935022";"https://www.inaturalist.org/observations/91095163"
;"Briza maxima";;"Poaceae";2;"inat";"https://inaturalist-open-data.s3.amazonaws.com/photos/148922396/large.jpg?1628248749";"https://www.inaturalist.org/observations/90130470"
;"Briza maxima";;"Poaceae";3;"inat";"https://inaturalist-open-data.s3.amazonaws.com/photos/147503477/large.jpeg?1627744531";"https://www.inaturalist.org/observations/89328749"
;"Briza maxima";;"Poaceae";4;"inat";"https://inaturalist-open-data.s3.amazonaws.com/photos/144847106/large.jpeg?1626769675";"https://www.inaturalist.org/observations/87827487"
;"Briza maxima";;"Poaceae";5;"inat";"https://inaturalist-open-data.s3.amazonaws.com/photos/144335521/large.jpeg?1626609513";"https://www.inaturalist.org/observations/87537301"
;"Briza maxima";;"Poaceae";6;"inat";"https://inaturalist-open-data.s3.amazonaws.com/photos/141252806/large.jpg?1625514276";"https://www.inaturalist.org/observations/85812799"
;"Briza maxima";;"Poaceae";7;"inat";"https://inaturalist-open-data.s3.amazonaws.com/photos/141313556/large.jpg?1625528756";"https://www.inaturalist.org/observations/85845320"
;"Briza minor";;"Poaceae";1;"inat";"https://inaturalist-open-data.s3.amazonaws.com/photos/34264/large.jpg?1499375250";"https://www.inaturalist.org/observations/18708"
;"Briza minor";;"Poaceae";2;"inat";"https://inaturalist-open-data.s3.amazonaws.com/photos/150007361/large.jpeg?1628661560";"https://www.inaturalist.org/observations/90745291"
;"Briza minor";;"Poaceae";3;"inat";"https://inaturalist-open-data.s3.amazonaws.com/photos/144847084/large.jpeg?1626769658";"https://www.inaturalist.org/observations/87827486"
;"Briza minor";;"Poaceae";4;"inat";"https://inaturalist-open-data.s3.amazonaws.com/photos/142057526/large.jpeg?1625809058";"https://www.inaturalist.org/observations/86251728"
;"Briza minor";;"Poaceae";5;"inat";"https://inaturalist-open-data.s3.amazonaws.com/photos/134877566/large.jpg?1623177965";"https://www.inaturalist.org/observations/82199701"
;"Briza minor";;"Poaceae";6;"inat";"https://inaturalist-open-data.s3.amazonaws.com/photos/142057597/large.jpeg?1625809106";"https://www.inaturalist.org/observations/86251728"
;"Briza minor";;"Poaceae";7;"inat";"https://inaturalist-open-data.s3.amazonaws.com/photos/145568834/large.jpeg?1627039556";"https://www.inaturalist.org/observations/88240697"
;"Bromus catharticus";;"Poaceae";1;"inat";"https://inaturalist-open-data.s3.amazonaws.com/photos/153347744/large.jpeg?1630006168";"https://www.inaturalist.org/observations/92600585"
;"Bromus catharticus";;"Poaceae";2;"inat";"https://inaturalist-open-data.s3.amazonaws.com/photos/141386009/large.jpeg?1625555354";"https://www.inaturalist.org/observations/85882750"
;"Bromus catharticus";;"Poaceae";3;"inat";"https://inaturalist-open-data.s3.amazonaws.com/photos/141386034/large.jpeg?1625555364";"https://www.inaturalist.org/observations/85882750"
;"Bromus catharticus";;"Poaceae";4;"inat";"https://inaturalist-open-data.s3.amazonaws.com/photos/153347784/large.jpeg?1630006183";"https://www.inaturalist.org/observations/92600585"
;"Bromus catharticus";;"Poaceae";5;"inat";"https://inaturalist-open-data.s3.amazonaws.com/photos/141386057/large.jpeg?1625555373";"https://www.inaturalist.org/observations/85882750"
;"Bromus catharticus";;"Poaceae";6;"inat";"https://inaturalist-open-data.s3.amazonaws.com/photos/141386100/large.jpeg?1625555391";"https://www.inaturalist.org/observations/85882750"
;"Bromus catharticus";;"Poaceae";7;"inat";"https://inaturalist-open-data.s3.amazonaws.com/photos/141386143/large.jpeg?1625555410";"https://www.inaturalist.org/observations/85882750"
;"Bromus leptoclados";;"Poaceae";;;;
;"Bulbostylis barbata";;"Cyperaceae";;;;
;"Bulbostylis hispidula";;"Cyperaceae";;;;
;"Bulbostylis thouarsii";;"Cyperaceae";;;;
;"Carex balfourii";;"Cyperaceae";;;;
;"Carex borbonica";;"Cyperaceae";;;;
;"Carex boryana";;"Cyperaceae";;;;
;"Carex brunnea";;"Cyperaceae";;;;
;"Carex leporina";;"Cyperaceae";;;;
;"Carex musei";;"Cyperaceae";;;;
;"Carex pilulifera";;"Cyperaceae";;;;
;"Carex ramosa";;"Cyperaceae";;;;
;"Carex wahlenbergiana";;"Cyperaceae";;;;
;"Carex wahlenbergiana";;"Cyperaceae";;;;
;"Cenchrus americanus";;"Poaceae";;;;
;"Cenchrus cafer";;"Poaceae";;;;
;"Cenchrus ciliaris";;"Poaceae";;;;
;"Cenchrus clandestinus";;"Poaceae";;;;
;"Cenchrus echinatus";;"Poaceae";1;"inat";"https://inaturalist-open-data.s3.amazonaws.com/photos/149605237/large.jpeg?1628500682";"https://www.inaturalist.org/observations/90512139"
;"Cenchrus echinatus";;"Poaceae";2;"inat";"https://inaturalist-open-data.s3.amazonaws.com/photos/148936000/large.jpeg?1628255488";"https://www.inaturalist.org/observations/90137997"
;"Cenchrus echinatus";;"Poaceae";3;"inat";"https://inaturalist-open-data.s3.amazonaws.com/photos/148936044/large.jpeg?1628255505";"https://www.inaturalist.org/observations/90137997"
;"Cenchrus echinatus";;"Poaceae";4;"inat";"https://inaturalist-open-data.s3.amazonaws.com/photos/148936113/large.jpeg?1628255531";"https://www.inaturalist.org/observations/90137997"
;"Cenchrus echinatus";;"Poaceae";5;"inat";"https://inaturalist-open-data.s3.amazonaws.com/photos/148936172/large.jpeg?1628255553";"https://www.inaturalist.org/observations/90137997"
;"Cenchrus echinatus";;"Poaceae";6;"inat";"https://inaturalist-open-data.s3.amazonaws.com/photos/148936260/large.jpeg?1628255595";"https://www.inaturalist.org/observations/90137997"
;"Cenchrus echinatus";;"Poaceae";7;"inat";"https://inaturalist-open-data.s3.amazonaws.com/photos/148936044/large.jpeg?1628255505";"https://www.inaturalist.org/observations/90137997"
;"Cenchrus polystachios";;"Poaceae";;;;
;"Cenchrus purpureus";;"Poaceae";;;;
;"Cenchrus setiger";;"Poaceae";;;;
;"Cenchrus sphacelatus";;"Poaceae";;;;
;"Chloris barbata";;"Poaceae";;;;
;"Chloris gayana";"Chloris gayana";"Poaceae";1;"inat";"https://inaturalist-open-data.s3.amazonaws.com/photos/149605800/large.jpeg?1628500993";"https://www.inaturalist.org/observations/90512415"
;"Chloris gayana";"Chloris gayana";"Poaceae";2;"inat";"https://inaturalist-open-data.s3.amazonaws.com/photos/138159704/large.jpeg?1624386977";"https://www.inaturalist.org/observations/84083407"
;"Chloris gayana";"Chloris gayana";"Poaceae";3;"inat";"https://inaturalist-open-data.s3.amazonaws.com/photos/138159730/large.jpeg?1624386986";"https://www.inaturalist.org/observations/84083407"
;"Chloris gayana";"Chloris gayana";"Poaceae";4;"inat";"https://inaturalist-open-data.s3.amazonaws.com/photos/149605822/large.jpeg?1628501005";"https://www.inaturalist.org/observations/90512415"
;"Chloris gayana";"Chloris gayana";"Poaceae";5;"inat";"https://inaturalist-open-data.s3.amazonaws.com/photos/138159769/large.jpeg?1624386996";"https://www.inaturalist.org/observations/84083407"
;"Chloris gayana";"Chloris gayana";"Poaceae";6;"inat";"https://inaturalist-open-data.s3.amazonaws.com/photos/149605841/large.jpeg?1628501018";"https://www.inaturalist.org/observations/90512415"
;"Chloris gayana";"Chloris gayana";"Poaceae";7;"inat";"https://inaturalist-open-data.s3.amazonaws.com/photos/138159816/large.jpeg?1624387010";"https://www.inaturalist.org/observations/84083407"
;"Chloris pycnothrix";"Chloris pycnothrix";"Poaceae";1;"inat";"https://inaturalist-open-data.s3.amazonaws.com/photos/143589525/large.jpeg?1626346027";"https://www.inaturalist.org/observations/87114906"
;"Chloris pycnothrix";"Chloris pycnothrix";"Poaceae";2;"inat";"https://inaturalist-open-data.s3.amazonaws.com/photos/139197186/large.jpeg?1624789810";"https://www.inaturalist.org/observations/84676096"
;"Chloris pycnothrix";"Chloris pycnothrix";"Poaceae";3;"inat";"https://inaturalist-open-data.s3.amazonaws.com/photos/139197344/large.jpeg?1624789865";"https://www.inaturalist.org/observations/84676096"
;"Chloris pycnothrix";"Chloris pycnothrix";"Poaceae";4;"inat";"https://inaturalist-open-data.s3.amazonaws.com/photos/139197298/large.jpeg?1624789849";"https://www.inaturalist.org/observations/84676096"
;"Chloris pycnothrix";"Chloris pycnothrix";"Poaceae";5;"inat";"https://inaturalist-open-data.s3.amazonaws.com/photos/143589542/large.jpeg?1626346037";"https://www.inaturalist.org/observations/87114906"
;"Chloris pycnothrix";"Chloris pycnothrix";"Poaceae";6;"inat";"https://inaturalist-open-data.s3.amazonaws.com/photos/143589626/large.jpeg?1626346073";"https://www.inaturalist.org/observations/87114906"
;"Chloris pycnothrix";"Chloris pycnothrix";"Poaceae";7;"inat";"https://inaturalist-open-data.s3.amazonaws.com/photos/143589612/large.jpeg?1626346065";"https://www.inaturalist.org/observations/87114906"
;"Chrysopogon zizanioides";;"Poaceae";;;;
;"Coix lacryma-jobi";;"Poaceae";1;"inat";"https://inaturalist-open-data.s3.amazonaws.com/photos/137106863/large.jpeg?1623996243";"https://www.inaturalist.org/observations/83476970"
;"Coix lacryma-jobi";;"Poaceae";2;"inat";"https://inaturalist-open-data.s3.amazonaws.com/photos/137106873/large.jpeg?1623996253";"https://www.inaturalist.org/observations/83476970"
;"Cortaderia selloana";;"Poaceae";;;;
;"Costularia cadetii";;"Cyperaceae";;;;
;"Costularia melicoides";;"Cyperaceae";;;;
;"Cymbopogon caesius";;"Poaceae";;;;
;"Cymbopogon pruinosus";;"Poaceae";;;;
;"Cynodon dactylon";"Cynodon dactylon";"Poaceae";1;"inat";"https://inaturalist-open-data.s3.amazonaws.com/photos/148937039/large.jpeg?1628255877";"https://www.inaturalist.org/observations/90138557"
;"Cynodon dactylon";"Cynodon dactylon";"Poaceae";2;"inat";"https://inaturalist-open-data.s3.amazonaws.com/photos/149605076/large.jpeg?1628500572";"https://www.inaturalist.org/observations/90512021"
;"Cynodon dactylon";"Cynodon dactylon";"Poaceae";3;"inat";"https://inaturalist-open-data.s3.amazonaws.com/photos/144600133/large.jpeg?1626685032";"https://www.inaturalist.org/observations/87687732"
;"Cynodon dactylon";"Cynodon dactylon";"Poaceae";4;"inat";"https://inaturalist-open-data.s3.amazonaws.com/photos/144600173/large.jpeg?1626685055";"https://www.inaturalist.org/observations/87687732"
;"Cynodon dactylon";"Cynodon dactylon";"Poaceae";5;"inat";"https://inaturalist-open-data.s3.amazonaws.com/photos/144600208/large.jpeg?1626685080";"https://www.inaturalist.org/observations/87687732"
;"Cynodon dactylon";"Cynodon dactylon";"Poaceae";6;"inat";"https://inaturalist-open-data.s3.amazonaws.com/photos/149605111/large.jpeg?1628500600";"https://www.inaturalist.org/observations/90512021"
;"Cynodon dactylon";"Cynodon dactylon";"Poaceae";7;"inat";"https://inaturalist-open-data.s3.amazonaws.com/photos/149605094/large.jpeg?1628500589";"https://www.inaturalist.org/observations/90512021"
;"Cynosurus cristatus";;"Poaceae";;;;
;"Cyperus alternifolius";;"Cyperaceae";;;;
;"Cyperus aromaticus";;"Cyperaceae";;;;
;"Cyperus aromaticus";;"Cyperaceae";;;;
;"Cyperus articulatus";;"Cyperaceae";;;;
;"Cyperus brevifolius";;"Cyperaceae";;;;
;"Cyperus compressus";;"Cyperaceae";;;;
;"Cyperus congestus";;"Cyperaceae";;;;
;"Cyperus corymbosus";;"Cyperaceae";;;;
;"Cyperus cyperoides";;"Cyperaceae";;;;
;"Cyperus difformis";;"Cyperaceae";;;;
;"Cyperus diffusus";;"Cyperaceae";;;;
;"Cyperus distans";;"Cyperaceae";;;;
;"Cyperus dives";;"Cyperaceae";;;;
;"Cyperus dubius";;"Cyperaceae";;;;
;"Cyperus erectus";;"Cyperaceae";;;;
;"Cyperus esculentus";;"Cyperaceae";;;;
;"Cyperus expansus";;"Cyperaceae";;;;
;"Cyperus flavidus";;"Cyperaceae";;;;
;"Cyperus haspan";;"Cyperaceae";;;;
;"Cyperus hortensis";;"Cyperaceae";;;;
;"Cyperus intactus";;"Cyperaceae";;;;
;"Cyperus involucratus";;"Cyperaceae";;;;
;"Cyperus iria";;"Cyperaceae";;;;
;"Cyperus javanicus";;"Cyperaceae";;;;
;"Cyperus laevigatus";;"Cyperaceae";;;;
;"Cyperus longifolius";;"Cyperaceae";;;;
;"Cyperus luteostramineus";;"Cyperaceae";;;;
;"Cyperus luteus";;"Cyperaceae";;;;
;"Cyperus macrostachyos";;"Cyperaceae";;;;
;"Cyperus metzii";;"Cyperaceae";;;;
;"Cyperus mindorensis";;"Cyperaceae";;;;
;"Cyperus papyrus";;"Cyperaceae";;;;
;"Cyperus polystachyos";;"Cyperaceae";;;;
;"Cyperus richardii";;"Cyperaceae";;;;
;"Cyperus rotundus";;"Cyperaceae";;;;
;"Cyperus rubicundus";;"Cyperaceae";;;;
;"Cyperus sanguinolentus";;"Cyperaceae";;;;
;"Cyperus sesquiflorus";;"Cyperaceae";;;;
;"Cyperus sphacelatus";;"Cyperaceae";;;;
;"Cyperus stolonifer";;"Cyperaceae";;;;
;"Cyrtococcum multinode";"Cyrtococcum multinode";"Poaceae";1;"inat";"https://inaturalist-open-data.s3.amazonaws.com/photos/147848950/large.jpeg?1627844718";"https://www.inaturalist.org/observations/89525465"
;"Cyrtococcum multinode";"Cyrtococcum multinode";"Poaceae";2;"inat";"https://inaturalist-open-data.s3.amazonaws.com/photos/147849050/large.jpeg?1627844741";"https://www.inaturalist.org/observations/89525465"
;"Cyrtococcum multinode";"Cyrtococcum multinode";"Poaceae";3;"inat";"https://inaturalist-open-data.s3.amazonaws.com/photos/147849000/large.jpeg?1627844730";"https://www.inaturalist.org/observations/89525465"
;"Cyrtococcum multinode";"Cyrtococcum multinode";"Poaceae";4;"inat";"https://inaturalist-open-data.s3.amazonaws.com/photos/104536992/large.jpg?1605480379";"https://www.inaturalist.org/observations/64970895"
;"Cyrtococcum multinode";"Cyrtococcum multinode";"Poaceae";5;"inat";"https://inaturalist-open-data.s3.amazonaws.com/photos/147849526/large.jpeg?1627844847";"https://www.inaturalist.org/observations/89525465"
;"Cyrtococcum multinode";"Cyrtococcum multinode";"Poaceae";6;"inat";"https://inaturalist-open-data.s3.amazonaws.com/photos/147849092/large.jpeg?1627844754";"https://www.inaturalist.org/observations/89525465"
;"Dactylis glomerata";"Dactylis glomerata";"Poaceae";1;"inat";"https://inaturalist-open-data.s3.amazonaws.com/photos/131175264/large.jpeg?1621823696";"https://www.inaturalist.org/observations/80055815"
;"Dactylis glomerata";"Dactylis glomerata";"Poaceae";2;"inat";"https://inaturalist-open-data.s3.amazonaws.com/photos/97627237/large.jpeg?1601247044";"https://www.inaturalist.org/observations/61034632"
;"Dactylis glomerata";"Dactylis glomerata";"Poaceae";3;"inat";"https://inaturalist-open-data.s3.amazonaws.com/photos/127914147/large.jpeg?1620616555";"https://www.inaturalist.org/observations/78181150"
;"Dactylis glomerata";"Dactylis glomerata";"Poaceae";4;"inat";"https://inaturalist-open-data.s3.amazonaws.com/photos/104482462/large.jpeg?1605455069";"https://www.inaturalist.org/observations/64939062"
;"Dactylis glomerata";"Dactylis glomerata";"Poaceae";5;"inat";"https://inaturalist-open-data.s3.amazonaws.com/photos/97627261/large.jpeg?1601247051";"https://www.inaturalist.org/observations/61034632"
;"Dactylis glomerata";"Dactylis glomerata";"Poaceae";6;"inat";"https://inaturalist-open-data.s3.amazonaws.com/photos/97627317/large.jpeg?1601247066";"https://www.inaturalist.org/observations/61034632"
;"Dactylis glomerata";"Dactylis glomerata";"Poaceae";7;"inat";"https://inaturalist-open-data.s3.amazonaws.com/photos/104482503/original.jpeg?1605455087";"https://www.inaturalist.org/observations/64939062"
;"Dactyloctenium aegyptium";;"Poaceae";;;;
;"Dactyloctenium australe";;"Poaceae";;;;
;"Dactyloctenium ctenioides";;"Poaceae";;;;
;"Daknopholis boivinii";;"Poaceae";;;;
;"Danthonia decumbens";;"Poaceae";;;;
;"Dendrocalamus giganteus";;"Poaceae";;;;
;"Dichanthium annulatum";"Dichanthium annulatum";"Poaceae";1;"inat";"https://inaturalist-open-data.s3.amazonaws.com/photos/145324334/large.jpeg?1626946674";"https://www.inaturalist.org/observations/88101252"
;"Dichanthium annulatum";"Dichanthium annulatum";"Poaceae";2;"inat";"https://inaturalist-open-data.s3.amazonaws.com/photos/136241006/large.jpeg?1623666314";"https://www.inaturalist.org/observations/82978778"
;"Dichanthium annulatum";"Dichanthium annulatum";"Poaceae";3;"inat";"https://inaturalist-open-data.s3.amazonaws.com/photos/136241038/large.jpeg?1623666335";"https://www.inaturalist.org/observations/82978778"
;"Dichanthium annulatum";"Dichanthium annulatum";"Poaceae";4;"inat";"https://inaturalist-open-data.s3.amazonaws.com/photos/145324405/large.jpeg?1626946713";"https://www.inaturalist.org/observations/88101252"
;"Dichanthium annulatum";"Dichanthium annulatum";"Poaceae";5;"inat";"https://inaturalist-open-data.s3.amazonaws.com/photos/136241097/large.jpeg?1623666375";"https://www.inaturalist.org/observations/82978778"
;"Dichanthium annulatum";"Dichanthium annulatum";"Poaceae";6;"inat";"https://inaturalist-open-data.s3.amazonaws.com/photos/136241163/large.jpeg?1623666411";"https://www.inaturalist.org/observations/88101252"
;"Dichanthium annulatum";"Dichanthium annulatum";"Poaceae";7;"inat";"https://inaturalist-open-data.s3.amazonaws.com/photos/145324365/large.jpeg?1626946690";"https://www.inaturalist.org/observations/88101252"
;"Dichanthium aristatum";"Dichanthium aristatum";"Poaceae";1;"inat";"https://inaturalist-open-data.s3.amazonaws.com/photos/145324101/large.jpeg?1626946500";"https://www.inaturalist.org/observations/88101129"
;"Dichanthium aristatum";"Dichanthium aristatum";"Poaceae";2;"inat";"https://inaturalist-open-data.s3.amazonaws.com/photos/145324127/large.jpeg?1626946513";"https://www.inaturalist.org/observations/88101129"
;"Dichanthium aristatum";"Dichanthium aristatum";"Poaceae";3;"inat";"https://inaturalist-open-data.s3.amazonaws.com/photos/145324292/large.jpeg?1626946645";"https://www.inaturalist.org/observations/88101129"
;"Dichanthium aristatum";"Dichanthium aristatum";"Poaceae";4;"inat";"https://inaturalist-open-data.s3.amazonaws.com/photos/145324164/large.jpeg?1626946539";"https://www.inaturalist.org/observations/88101129"
;"Dichanthium aristatum";"Dichanthium aristatum";"Poaceae";5;"inat";"https://inaturalist-open-data.s3.amazonaws.com/photos/145324199/large.jpeg?1626946563";"https://www.inaturalist.org/observations/88101129"
;"Dichanthium aristatum";"Dichanthium aristatum";"Poaceae";6;"inat";"https://inaturalist-open-data.s3.amazonaws.com/photos/145324246/large.jpeg?1626946610";"https://www.inaturalist.org/observations/88101129"
;"Dichanthium aristatum";"Dichanthium aristatum";"Poaceae";7;"inat";"https://inaturalist-open-data.s3.amazonaws.com/photos/145324232/large.jpeg?1626946597";"https://www.inaturalist.org/observations/88101129"
;"Digitaria abyssinica";;"Poaceae";;;;
;"Digitaria bicornis";;"Poaceae";;;;
;"Digitaria ciliaris";;"Poaceae";;;;
;"Digitaria didactyla";;"Poaceae";;;;
;"Digitaria fuscescens";;"Poaceae";;;;
;"Digitaria horizontalis";;"Poaceae";;;;
;"Digitaria longiflora";;"Poaceae";;;;
;"Digitaria nuda";;"Poaceae";;;;
;"Digitaria pseudodiagonalis";;"Poaceae";;;;
;"Digitaria radicosa";;"Poaceae";;;;
;"Digitaria setigera";;"Poaceae";;;;
;"Digitaria violascens";;"Poaceae";;;;
;"Dinebra retroflexa";;"Poaceae";;;;
;"Echinochloa colona";;"Poaceae";1;"inat";"https://inaturalist-open-data.s3.amazonaws.com/photos/151765421/large.jpeg?1629362242";"https://www.inaturalist.org/observations/91721843"
;"Echinochloa colona";;"Poaceae";2;"inat";"https://inaturalist-open-data.s3.amazonaws.com/photos/153299872/large.jpeg?1629988975";"https://www.inaturalist.org/observations/92573494"
;"Echinochloa colona";;"Poaceae";3;"inat";"https://inaturalist-open-data.s3.amazonaws.com/photos/153299903/large.jpeg?1629988986";"https://www.inaturalist.org/observations/92573494"
;"Echinochloa colona";;"Poaceae";4;"inat";"https://inaturalist-open-data.s3.amazonaws.com/photos/151765439/large.jpeg?1629362255";"https://www.inaturalist.org/observations/91721843"
;"Echinochloa colona";;"Poaceae";5;"inat";"https://inaturalist-open-data.s3.amazonaws.com/photos/151765484/large.jpeg?1629362288";"https://www.inaturalist.org/observations/91721843"
;"Echinochloa colona";;"Poaceae";6;"inat";"https://inaturalist-open-data.s3.amazonaws.com/photos/151765499/large.jpeg?1629362301";"https://www.inaturalist.org/observations/91721843"
;"Echinochloa colona";;"Poaceae";7;"inat";"https://inaturalist-open-data.s3.amazonaws.com/photos/151765558/large.jpeg?1629362345";"https://www.inaturalist.org/observations/91721843"
;"Echinochloa crus-galli";;"Poaceae";;;;
;"Echinochloa stagnina";;"Poaceae";;;;
;"Eleocharis caduca";;"Cyperaceae";;;;
;"Eleocharis dulcis";;"Cyperaceae";;;;
;"Eleocharis minuta";;"Cyperaceae";;;;
;"Eleusine coracana";;"Poaceae";;;;
;"Eleusine indica";"Eleusine indica";"Poaceae";1;"inat";"https://inaturalist-open-data.s3.amazonaws.com/photos/149605264/large.jpeg?1628500700";"https://www.inaturalist.org/observations/90512147"
;"Eleusine indica";"Eleusine indica";"Poaceae";2;"inat";"https://inaturalist-open-data.s3.amazonaws.com/photos/136241208/large.jpeg?1623666434";"https://www.inaturalist.org/observations/82978913"
;"Eleusine indica";"Eleusine indica";"Poaceae";3;"inat";"https://inaturalist-open-data.s3.amazonaws.com/photos/139195751/large.jpeg?1624789139";"https://www.inaturalist.org/observations/84675249"
;"Eleusine indica";"Eleusine indica";"Poaceae";4;"inat";"https://inaturalist-open-data.s3.amazonaws.com/photos/149605281/large.jpeg?1628500711";"https://www.inaturalist.org/observations/90512147"
;"Eleusine indica";"Eleusine indica";"Poaceae";5;"inat";"https://inaturalist-open-data.s3.amazonaws.com/photos/149605294/large.jpeg?1628500723";"https://www.inaturalist.org/observations/90512147"
;"Eleusine indica";"Eleusine indica";"Poaceae";6;"inat";"https://inaturalist-open-data.s3.amazonaws.com/photos/139195871/large.jpeg?1624789196";"https://www.inaturalist.org/observations/84675249"
;"Enneapogon cenchroides";"Enneapogon cenchroides";"Poaceae";1;"inat";"https://inaturalist-open-data.s3.amazonaws.com/photos/141131322/large.jpeg?1625478693";"https://www.inaturalist.org/observations/85743844"
;"Enneapogon cenchroides";"Enneapogon cenchroides";"Poaceae";2;"inat";"https://inaturalist-open-data.s3.amazonaws.com/photos/141131494/large.jpeg?1625478803";"https://www.inaturalist.org/observations/85743844"
;"Enneapogon cenchroides";"Enneapogon cenchroides";"Poaceae";3;"inat";"https://inaturalist-open-data.s3.amazonaws.com/photos/141133282/large.jpeg?1625479951";"https://www.inaturalist.org/observations/85743844"
;"Enneapogon cenchroides";"Enneapogon cenchroides";"Poaceae";4;"inat";"https://inaturalist-open-data.s3.amazonaws.com/photos/141131712/large.jpeg?1625478946";"https://www.inaturalist.org/observations/85743844"
;"Enneapogon cenchroides";"Enneapogon cenchroides";"Poaceae";5;"inat";"https://inaturalist-open-data.s3.amazonaws.com/photos/141131599/large.jpeg?1625478877";"https://www.inaturalist.org/observations/85743844"
;"Enneapogon cenchroides";"Enneapogon cenchroides";"Poaceae";6;"inat";"https://inaturalist-open-data.s3.amazonaws.com/photos/141132903/large.jpeg?1625479697";"https://www.inaturalist.org/observations/85743844"
;"Enneapogon cenchroides";"Enneapogon cenchroides";"Poaceae";7;"inat";"https://inaturalist-open-data.s3.amazonaws.com/photos/141132578/large.jpeg?1625479514";"https://www.inaturalist.org/observations/85743844"
;"Eragrostis atrovirens";;"Poaceae";;;;
;"Eragrostis cilianensis";;"Poaceae";;;;
;"Eragrostis ciliaris";;"Poaceae";;;;
;"Eragrostis curvula";;"Poaceae";;;;
;"Eragrostis cylindriflora";;"Poaceae";;;;
;"Eragrostis hildebrandtii";;"Poaceae";;;;
;"Eragrostis lateritica";;"Poaceae";;;;
;"Eragrostis minor";;"Poaceae";;;;
;"Eragrostis pilosa";;"Poaceae";;;;
;"Eragrostis stolonifera";;"Poaceae";;;;
;"Eragrostis tef";;"Poaceae";;;;
;"Eragrostis tenella";;"Poaceae";;;;
;"Eragrostis tenuifolia";;"Poaceae";;;;
;"Eragrostis tremula";;"Poaceae";;;;
;"Eulalia aurea";"Eulalia aurea";"Poaceae";1;"inat";"https://inaturalist-open-data.s3.amazonaws.com/photos/148005513/large.jpeg?1627894663";"https://www.inaturalist.org/observations/89612970"
;"Eulalia aurea";"Eulalia aurea";"Poaceae";2;"inat";"https://inaturalist-open-data.s3.amazonaws.com/photos/51961425/large.jpeg?1569023164";"https://www.inaturalist.org/observations/33102005"
;"Eulalia aurea";"Eulalia aurea";"Poaceae";3;"inat";"https://inaturalist-open-data.s3.amazonaws.com/photos/148005546/large.jpeg?1627894684";"https://www.inaturalist.org/observations/89612970"
;"Eulalia aurea";"Eulalia aurea";"Poaceae";4;"inat";"https://inaturalist-open-data.s3.amazonaws.com/photos/111179613/large.jpeg?1611638765";"https://www.inaturalist.org/observations/68630144"
;"Eulalia aurea";"Eulalia aurea";"Poaceae";5;"inat";"https://inaturalist-open-data.s3.amazonaws.com/photos/148005609/large.jpeg?1627894718";"https://www.inaturalist.org/observations/89612970"
;"Eulalia aurea";"Eulalia aurea";"Poaceae";6;"inat";"https://inaturalist-open-data.s3.amazonaws.com/photos/148005631/large.jpeg?1627894728";"https://www.inaturalist.org/observations/89612970"
;"Eulalia aurea";"Eulalia aurea";"Poaceae";7;"inat";"https://inaturalist-open-data.s3.amazonaws.com/photos/148005708/large.jpeg?1627894769";"https://www.inaturalist.org/observations/89612970"
;"Festuca abyssinica";;"Poaceae";;;;
;"Festuca borbonica";;"Poaceae";;;;
;"Fimbristylis bisumbellata";;"Cyperaceae";;;;
;"Fimbristylis complanata";;"Cyperaceae";;;;
;"Fimbristylis cymosa";;"Cyperaceae";;;;
;"Fimbristylis cymosa";;"Cyperaceae";;;;
;"Fimbristylis dichotoma";;"Cyperaceae";;;;
;"Fimbristylis ferruginea";;"Cyperaceae";;;;
;"Fimbristylis littoralis";;"Cyperaceae";;;;
;"Fimbristylis squarrosa";;"Cyperaceae";;;;
;"Fuirena umbellata";;"Cyperaceae";;;;
;"Helictotrichon bosseri";;"Poaceae";1;"mnhn";"http://mediaphoto...6tLPCeO4mr75dEM8j";"http://coldb.mnhn.fr/catalognumber/mnhn/p/p03218077"
;"Hemarthria altissima";;"Poaceae";;;;
;"Heteropogon contortus";"Heteropogon contortus";"Poaceae";1;"inat";"https://inaturalist-open-data.s3.amazonaws.com/photos/144309808/large.jpeg?1626597337";"https://www.inaturalist.org/observations/87521772"
;"Heteropogon contortus";"Heteropogon contortus";"Poaceae";2;"inat";"https://inaturalist-open-data.s3.amazonaws.com/photos/141133582/large.jpeg?1625480171";"https://www.inaturalist.org/observations/85745093"
;"Heteropogon contortus";"Heteropogon contortus";"Poaceae";3;"inat";"https://inaturalist-open-data.s3.amazonaws.com/photos/138099463/large.jpeg?1624367969";"https://www.inaturalist.org/observations/84048278"
;"Heteropogon contortus";"Heteropogon contortus";"Poaceae";4;"inat";"https://inaturalist-open-data.s3.amazonaws.com/photos/141133846/large.jpeg?1625480340";"https://www.inaturalist.org/observations/85745093"
;"Heteropogon contortus";"Heteropogon contortus";"Poaceae";5;"inat";"https://inaturalist-open-data.s3.amazonaws.com/photos/139197718/large.jpeg?1624790014";"https://www.inaturalist.org/observations/84676344"
;"Heteropogon contortus";"Heteropogon contortus";"Poaceae";6;"inat";"https://inaturalist-open-data.s3.amazonaws.com/photos/138099485/large.jpeg?1624367979";"https://www.inaturalist.org/observations/84048278"
;"Heteropogon contortus";"Heteropogon contortus";"Poaceae";7;"inat";"https://inaturalist-open-data.s3.amazonaws.com/photos/139197750/large.jpeg?1624790031";"https://www.inaturalist.org/observations/84676344"
;"Holcus lanatus";"Holcus lanatus";"Poaceae";1;"inat";"https://inaturalist-open-data.s3.amazonaws.com/photos/146769514/large.jpeg?1627457421";"https://www.inaturalist.org/observations/88914056"
;"Holcus lanatus";"Holcus lanatus";"Poaceae";2;"inat";"https://inaturalist-open-data.s3.amazonaws.com/photos/146769522/large.jpeg?1627457432";"https://www.inaturalist.org/observations/88914056"
;"Holcus lanatus";"Holcus lanatus";"Poaceae";3;"inat";"https://inaturalist-open-data.s3.amazonaws.com/photos/146769547/large.jpeg?1627457457";"https://www.inaturalist.org/observations/88914056"
;"Holcus lanatus";"Holcus lanatus";"Poaceae";4;"inat";"https://inaturalist-open-data.s3.amazonaws.com/photos/146769643/large.jpeg?1627457512";"https://www.inaturalist.org/observations/88914056"
;"Holcus lanatus";"Holcus lanatus";"Poaceae";5;"inat";"https://inaturalist-open-data.s3.amazonaws.com/photos/146769666/large.jpeg?1627457524";"https://www.inaturalist.org/observations/88914056"
;"Holcus lanatus";"Holcus lanatus";"Poaceae";6;"inat";"https://inaturalist-open-data.s3.amazonaws.com/photos/146769687/large.jpeg?1627457550";"https://www.inaturalist.org/observations/88914056"
;"Holcus lanatus";"Holcus lanatus";"Poaceae";7;"inat";"https://inaturalist-open-data.s3.amazonaws.com/photos/146769707/large.jpeg?1627457573";"https://www.inaturalist.org/observations/88914056"
;"Hyparrhenia rufa";"Hyparrhenia rufa";"Poaceae";1;"inat";"https://inaturalist-open-data.s3.amazonaws.com/photos/143590190/large.jpeg?1626346365";"https://www.inaturalist.org/observations/87115259"
;"Hyparrhenia rufa";"Hyparrhenia rufa";"Poaceae";2;"inat";"https://inaturalist-open-data.s3.amazonaws.com/photos/147849817/large.jpeg?1627844907";"https://www.inaturalist.org/observations/89526017"
;"Hyparrhenia rufa";"Hyparrhenia rufa";"Poaceae";3;"inat";"https://inaturalist-open-data.s3.amazonaws.com/photos/139259825/large.jpeg?1624808726";"https://www.inaturalist.org/observations/84712529"
;"Hyparrhenia rufa";"Hyparrhenia rufa";"Poaceae";4;"inat";"https://inaturalist-open-data.s3.amazonaws.com/photos/150959751/large.jpeg?1629045329";"https://www.inaturalist.org/observations/91280128"
;"Hyparrhenia rufa";"Hyparrhenia rufa";"Poaceae";5;"inat";"https://inaturalist-open-data.s3.amazonaws.com/photos/147849890/large.jpeg?1627844923";"https://www.inaturalist.org/observations/89526017"
;"Hyparrhenia rufa";"Hyparrhenia rufa";"Poaceae";6;"inat";"https://inaturalist-open-data.s3.amazonaws.com/photos/150959821/large.jpeg?1629045341";"https://www.inaturalist.org/observations/91280128"
;"Hyparrhenia rufa";"Hyparrhenia rufa";"Poaceae";7;"inat";"https://inaturalist-open-data.s3.amazonaws.com/photos/137106950/large.jpeg?1623996301";"https://www.inaturalist.org/observations/83477042"
;"Isachne homonyma";;"Poaceae";;;;
;"Isachne longifolia";;"Poaceae";;;;
;"Isachne mauritiana";;"Poaceae";1;"inat";"https://inaturalist-open-data.s3.amazonaws.com/photos/146772636/large.jpeg?1627459976";"https://www.inaturalist.org/observations/88915624"
;"Isachne mauritiana";;"Poaceae";2;"inat";"https://inaturalist-open-data.s3.amazonaws.com/photos/146772673/large.jpeg?1627460001";"https://www.inaturalist.org/observations/88915624"
;"Isachne mauritiana";;"Poaceae";3;"inat";"https://inaturalist-open-data.s3.amazonaws.com/photos/151139712/large.jpeg?1629098657";"https://www.inaturalist.org/observations/91379352"
;"Isachne mauritiana";;"Poaceae";4;"inat";"https://inaturalist-open-data.s3.amazonaws.com/photos/151139791/large.jpeg?1629098731";"https://www.inaturalist.org/observations/91379352"
;"Isachne mauritiana";;"Poaceae";5;"inat";"https://inaturalist-open-data.s3.amazonaws.com/photos/146772707/large.jpeg?1627460025";"https://www.inaturalist.org/observations/88915624"
;"Isachne mauritiana";;"Poaceae";6;"inat";"https://inaturalist-open-data.s3.amazonaws.com/photos/151139823/large.jpeg?1629098756";"https://www.inaturalist.org/observations/91379352"
;"Isachne mauritiana";;"Poaceae";7;"inat";"https://inaturalist-open-data.s3.amazonaws.com/photos/146772736/large.jpeg?1627460049";"https://www.inaturalist.org/observations/88915624"
;"Isachne vaughanii";;"Poaceae";;;;
;"Ischaemum ciliare";;"Poaceae";1;"inat";"https://inaturalist-open-data.s3.amazonaws.com/photos/161702401/large.jpeg?1633448253";
;"Ischaemum ciliare";;"Poaceae";2;"inat";;
;"Ischaemum ciliare";;"Poaceae";3;"inat";"https://inaturalist-open-data.s3.amazonaws.com/photos/161702704/large.jpeg?1633448335";
;"Ischaemum ciliare";;"Poaceae";4;"inat";;
;"Ischaemum ciliare";;"Poaceae";5;"inat";"https://inaturalist-open-data.s3.amazonaws.com/photos/161702301/large.jpeg?1633448222";
;"Ischaemum ciliare";;"Poaceae";6;"inat";"https://inaturalist-open-data.s3.amazonaws.com/photos/161702335/large.jpeg?1633448231";
;"Ischaemum ciliare";;"Poaceae";7;"inat";"https://inaturalist-open-data.s3.amazonaws.com/photos/161702446/large.jpeg?1633448264";
;"Ischaemum koleostachys";;"Poaceae";1;"inat";"https://inaturalist-open-data.s3.amazonaws.com/photos/161703683/large.jpeg?1633448671";"https://www.inaturalist.org/observations/97252261"
;"Ischaemum koleostachys";;"Poaceae";2;"inat";"https://inaturalist-open-data.s3.amazonaws.com/photos/164053285/large.jpeg?1634497885";"https://www.inaturalist.org/observations/98524195"
;"Ischaemum koleostachys";;"Poaceae";3;"inat";"https://inaturalist-open-data.s3.amazonaws.com/photos/164053340/large.jpeg?1634497895";"https://www.inaturalist.org/observations/98524195"
;"Ischaemum koleostachys";;"Poaceae";4;"inat";"https://inaturalist-open-data.s3.amazonaws.com/photos/161703719/large.jpeg?1633448682";"https://www.inaturalist.org/observations/97252261"
;"Ischaemum koleostachys";;"Poaceae";5;"inat";"https://inaturalist-open-data.s3.amazonaws.com/photos/161704009/large.jpeg?1633448769";"https://www.inaturalist.org/observations/97252261"
;"Ischaemum koleostachys";;"Poaceae";6;"inat";"https://inaturalist-open-data.s3.amazonaws.com/photos/161703587/large.jpeg?1633448641";"https://www.inaturalist.org/observations/97252261"
;"Ischaemum koleostachys";;"Poaceae";7;"inat";"https://inaturalist-open-data.s3.amazonaws.com/photos/164053460/large.jpeg?1634497924";"https://www.inaturalist.org/observations/98524195"
;"Ischaemum polystachyum";;"Poaceae";;;;
;"Ischaemum spathulatum";;"Poaceae";;;;
;"Isolepis fluitans";;"Cyperaceae";;;;
;"Koordersiochloa longiarista";"Streblochaete longiarista";"Poaceae";1;"inat";"http://mediaphoto...47Zd5Qbei3aAyUFvD";"http://coldb.mnhn.fr/catalognumber/mnhn/p/p00541680"
;"Lachnagrostis filiformis";;"Poaceae";;;;
;"Lepturus radicans";;"Poaceae";1;"inat";"https://inaturalist-open-data.s3.amazonaws.com/photos/139550717/large.jpeg?1624902017";"https://www.inaturalist.org/observations/84873071"
;"Lepturus radicans";;"Poaceae";2;"inat";"https://inaturalist-open-data.s3.amazonaws.com/photos/139550760/large.jpeg?1624902026";"https://www.inaturalist.org/observations/84873071"
;"Lepturus radicans";;"Poaceae";3;"inat";"https://inaturalist-open-data.s3.amazonaws.com/photos/139550796/large.jpeg?1624902035";"https://www.inaturalist.org/observations/84873071"
;"Lepturus radicans";;"Poaceae";4;"inat";"https://inaturalist-open-data.s3.amazonaws.com/photos/139550911/large.jpeg?1624902063";"https://www.inaturalist.org/observations/84873071"
;"Lepturus radicans";;"Poaceae";5;"inat";"https://inaturalist-open-data.s3.amazonaws.com/photos/139550989/large.jpeg?1624902081";"https://www.inaturalist.org/observations/84873071"
;"Lepturus radicans";;"Poaceae";6;"inat";"https://inaturalist-open-data.s3.amazonaws.com/photos/139550952/large.jpeg?1624902072";"https://www.inaturalist.org/observations/84873071"
;"Lepturus radicans";;"Poaceae";7;"inat";"https://inaturalist-open-data.s3.amazonaws.com/photos/139551011/large.jpeg?1624902090";"https://www.inaturalist.org/observations/84873071"
;"Lepturus repens";;"Poaceae";;;;
;"Lolium perenne";;"Poaceae";;;;
;"Lolium temulentum";;"Poaceae";;;;
;"Machaerina anceps";;"Cyperaceae";;;;
;"Machaerina iridifolia";;"Cyperaceae";;;;
;"Megathyrsus maximus";;"Poaceae";1;"inat";"https://inaturalist-open-data.s3.amazonaws.com/photos/139994241/large.jpeg?1625078019";"https://www.inaturalist.org/observations/85118134"
;"Megathyrsus maximus";;"Poaceae";2;"inat";"https://inaturalist-open-data.s3.amazonaws.com/photos/135506075/large.jpeg?1623425477";"https://www.inaturalist.org/observations/82555533"
;"Megathyrsus maximus";;"Poaceae";3;"inat";"https://inaturalist-open-data.s3.amazonaws.com/photos/136680759/large.jpeg?1623825997";"https://www.inaturalist.org/observations/83231754"
;"Megathyrsus maximus";;"Poaceae";4;"inat";"https://inaturalist-open-data.s3.amazonaws.com/photos/147853648/large.jpeg?1627845685";"https://www.inaturalist.org/observations/89528026"
;"Megathyrsus maximus";;"Poaceae";5;"inat";"https://inaturalist-open-data.s3.amazonaws.com/photos/135506415/large.jpeg?1623425567";"https://www.inaturalist.org/observations/82555533"
;"Megathyrsus maximus";;"Poaceae";6;"inat";"https://inaturalist-open-data.s3.amazonaws.com/photos/139994317/large.jpeg?1625078041";"https://www.inaturalist.org/observations/85118134"
;"Megathyrsus maximus";;"Poaceae";7;"inat";"https://inaturalist-open-data.s3.amazonaws.com/photos/139994405/large.jpeg?1625078062";"https://www.inaturalist.org/observations/85118134"
;"Melinis minutiflora";;"Poaceae";1;"inat";"https://inaturalist-open-data.s3.amazonaws.com/photos/164056693/large.jpeg?1634498663";"https://www.inaturalist.org/observations/98525975"
;"Melinis minutiflora";;"Poaceae";2;"inat";"https://inaturalist-open-data.s3.amazonaws.com/photos/163495993/large.jpeg?1634241662";"https://www.inaturalist.org/observations/98224405"
;"Melinis minutiflora";;"Poaceae";3;"inat";"https://inaturalist-open-data.s3.amazonaws.com/photos/164056723/large.jpeg?1634498672";"https://www.inaturalist.org/observations/98525975"
;"Melinis minutiflora";;"Poaceae";4;"inat";"https://inaturalist-open-data.s3.amazonaws.com/photos/163496076/large.jpeg?1634241689";"https://www.inaturalist.org/observations/98224405"
;"Melinis minutiflora";;"Poaceae";5;"inat";"https://inaturalist-open-data.s3.amazonaws.com/photos/164056775/large.jpeg?1634498682";"https://www.inaturalist.org/observations/98525975"
;"Melinis minutiflora";;"Poaceae";6;"inat";"https://inaturalist-open-data.s3.amazonaws.com/photos/163496151/large.jpeg?1634241711";"https://www.inaturalist.org/observations/98224405"
;"Melinis minutiflora";;"Poaceae";7;"inat";"https://inaturalist-open-data.s3.amazonaws.com/photos/164056907/large.jpeg?1634498713";"https://www.inaturalist.org/observations/98525975"
;"Melinis repens";"Melinis repens";"Poaceae";1;"inat";"https://inaturalist-open-data.s3.amazonaws.com/photos/149606362/large.jpeg?1628501319";"https://www.inaturalist.org/observations/90512661"
;"Melinis repens";"Melinis repens";"Poaceae";2;"inat";"https://inaturalist-open-data.s3.amazonaws.com/photos/136236478/large.jpeg?1623663690";"https://www.inaturalist.org/observations/82976299"
;"Melinis repens";"Melinis repens";"Poaceae";3;"inat";"https://inaturalist-open-data.s3.amazonaws.com/photos/137106689/large.jpeg?1623996128";"https://www.inaturalist.org/observations/83476913"
;"Melinis repens";"Melinis repens";"Poaceae";4;"inat";"https://inaturalist-open-data.s3.amazonaws.com/photos/137106701/large.jpeg?1623996139";"https://www.inaturalist.org/observations/83476913"
;"Melinis repens";"Melinis repens";"Poaceae";5;"inat";"https://inaturalist-open-data.s3.amazonaws.com/photos/136236624/large.jpeg?1623663793";"https://www.inaturalist.org/observations/82976299"
;"Melinis repens";"Melinis repens";"Poaceae";6;"inat";"https://inaturalist-open-data.s3.amazonaws.com/photos/149606416/large.jpeg?1628501347";"https://www.inaturalist.org/observations/90512661"
;"Melinis repens";"Melinis repens";"Poaceae";7;"inat";"https://inaturalist-open-data.s3.amazonaws.com/photos/136236561/large.jpeg?1623663752";"https://www.inaturalist.org/observations/82976299"
;"Microlaena connorii";;"Poaceae";;;;
;"Microlaena stipoides";;"Poaceae";;;;
;"Moorochloa eruciformis";;"Poaceae";;;;
;"Nastus borbonicus";;"Poaceae";;;;
;"Oplismenus burmanni";;"Poaceae";;;;
;"Oplismenus compositus";;"Poaceae";;;;
;"Oplismenus hirtellus";;"Poaceae";1;"inat";"https://inaturalist-open-data.s3.amazonaws.com/photos/150957500/large.jpeg?1629044867";"https://www.inaturalist.org/observations/91278816"
;"Oplismenus hirtellus";;"Poaceae";2;"inat";"https://inaturalist-open-data.s3.amazonaws.com/photos/147852671/large.jpeg?1627845492";"https://www.inaturalist.org/observations/89527527"
;"Oplismenus hirtellus";;"Poaceae";3;"inat";"https://inaturalist-open-data.s3.amazonaws.com/photos/141385848/large.jpeg?1625555279";"https://www.inaturalist.org/observations/85882702"
;"Oplismenus hirtellus";;"Poaceae";4;"inat";"https://inaturalist-open-data.s3.amazonaws.com/photos/150957634/large.jpeg?1629044892";"https://www.inaturalist.org/observations/91278816"
;"Oplismenus hirtellus";;"Poaceae";5;"inat";"https://inaturalist-open-data.s3.amazonaws.com/photos/142569731/large.jpeg?1625997501";"https://www.inaturalist.org/observations/86533569"
;"Oplismenus hirtellus";;"Poaceae";6;"inat";"https://inaturalist-open-data.s3.amazonaws.com/photos/147852754/large.jpeg?1627845511";"https://www.inaturalist.org/observations/89527527"
;"Oplismenus hirtellus";;"Poaceae";7;"inat";"https://inaturalist-open-data.s3.amazonaws.com/photos/142569232/large.jpeg?1625997278";"https://www.inaturalist.org/observations/86533307"
;"Oplismenus undulatifolius";;"Poaceae";;;;
;"Panicum brevifolium";"Panicum brevifolium";"Poaceae";1;"inat";"https://inaturalist-open-data.s3.amazonaws.com/photos/141895912/large.jpeg?1625754957";"https://www.inaturalist.org/observations/86161957"
;"Panicum brevifolium";"Panicum brevifolium";"Poaceae";2;"inat";"https://inaturalist-open-data.s3.amazonaws.com/photos/147848107/large.jpeg?1627844559";"https://www.inaturalist.org/observations/89524975"
;"Panicum brevifolium";"Panicum brevifolium";"Poaceae";3;"inat";"https://inaturalist-open-data.s3.amazonaws.com/photos/141895943/large.jpeg?1625754967";"https://www.inaturalist.org/observations/86161957"
;"Panicum brevifolium";"Panicum brevifolium";"Poaceae";4;"inat";"https://inaturalist-open-data.s3.amazonaws.com/photos/141896045/large.jpeg?1625754995";"https://www.inaturalist.org/observations/86161957"
;"Panicum brevifolium";"Panicum brevifolium";"Poaceae";5;"inat";"https://inaturalist-open-data.s3.amazonaws.com/photos/147848196/large.jpeg?1627844576";"https://www.inaturalist.org/observations/89524975"
;"Panicum brevifolium";"Panicum brevifolium";"Poaceae";6;"inat";"https://inaturalist-open-data.s3.amazonaws.com/photos/141896096/large.jpeg?1625755011";"https://www.inaturalist.org/observations/86161957"
;"Panicum brevifolium";"Panicum brevifolium";"Poaceae";7;"inat";"https://inaturalist-open-data.s3.amazonaws.com/photos/141896244/large.jpeg?1625755054";"https://www.inaturalist.org/observations/86161957"
;"Panicum hubbardii";;"Poaceae";;;;
;"Panicum juniperinum";;"Poaceae";;;;
;"Panicum pseudovoeltzkowii";;"Poaceae";;;;
;"Panicum robynsii";;"Poaceae";;;;
;"Panicum subalbidum";;"Poaceae";;;;
;"Paspalidium geminatum";"Paspalidium geminatum";"Poaceae";1;"inat";"https://inaturalist-open-data.s3.amazonaws.com/photos/143109266/large.jpeg?1626165197";"https://www.inaturalist.org/observations/86828022"
;"Paspalidium geminatum";"Paspalidium geminatum";"Poaceae";2;"inat";"https://inaturalist-open-data.s3.amazonaws.com/photos/139197832/large.jpeg?1624790072";"https://www.inaturalist.org/observations/84676390"
;"Paspalidium geminatum";"Paspalidium geminatum";"Poaceae";3;"inat";"https://inaturalist-open-data.s3.amazonaws.com/photos/139197847/large.jpeg?1624790080";"https://www.inaturalist.org/observations/84676390"
;"Paspalidium geminatum";"Paspalidium geminatum";"Poaceae";4;"inat";"https://inaturalist-open-data.s3.amazonaws.com/photos/143109290/large.jpeg?1626165207";"https://www.inaturalist.org/observations/86828022"
;"Paspalidium geminatum";"Paspalidium geminatum";"Poaceae";5;"inat";"https://inaturalist-open-data.s3.amazonaws.com/photos/139197889/large.jpeg?1624790102";"https://www.inaturalist.org/observations/84676390"
;"Paspalidium geminatum";"Paspalidium geminatum";"Poaceae";6;"inat";"https://inaturalist-open-data.s3.amazonaws.com/photos/139197927/large.jpeg?1624790122";"https://www.inaturalist.org/observations/84676390"
;"Paspalidium geminatum";"Paspalidium geminatum";"Poaceae";7;"inat";"https://inaturalist-open-data.s3.amazonaws.com/photos/139197941/large.jpeg?1624790130";"https://www.inaturalist.org/observations/84676390"
;"Paspalum conjugatum";"Paspalum conjugatum";"Poaceae";1;"inat";"https://inaturalist-open-data.s3.amazonaws.com/photos/143588683/large.jpeg?1626345585";"https://www.inaturalist.org/observations/87114466"
;"Paspalum conjugatum";"Paspalum conjugatum";"Poaceae";2;"inat";"https://inaturalist-open-data.s3.amazonaws.com/photos/147847665/large.jpeg?1627844468";"https://www.inaturalist.org/observations/89524726"
;"Paspalum conjugatum";"Paspalum conjugatum";"Poaceae";3;"inat";"https://inaturalist-open-data.s3.amazonaws.com/photos/143588712/large.jpeg?1626345597";"https://www.inaturalist.org/observations/87114466"
;"Paspalum conjugatum";"Paspalum conjugatum";"Poaceae";4;"inat";"https://inaturalist-open-data.s3.amazonaws.com/photos/143588742/large.jpeg?1626345610";"https://www.inaturalist.org/observations/87114466"
;"Paspalum conjugatum";"Paspalum conjugatum";"Poaceae";5;"inat";"https://inaturalist-open-data.s3.amazonaws.com/photos/147847739/large.jpeg?1627844482";"https://www.inaturalist.org/observations/89524726"
;"Paspalum conjugatum";"Paspalum conjugatum";"Poaceae";6;"inat";"https://inaturalist-open-data.s3.amazonaws.com/photos/136681097/large.jpeg?1623826262";"https://www.inaturalist.org/observations/83231873"
;"Paspalum conjugatum";"Paspalum conjugatum";"Poaceae";7;"inat";"https://inaturalist-open-data.s3.amazonaws.com/photos/143588819/large.jpeg?1626345642";"https://www.inaturalist.org/observations/87114466"
;"Paspalum dilatatum";"Paspalum dilatatum";"Poaceae";1;"inat";"https://inaturalist-open-data.s3.amazonaws.com/photos/150961870/large.jpeg?1629045776";"https://www.inaturalist.org/observations/91281320"
;"Paspalum dilatatum";"Paspalum dilatatum";"Poaceae";2;"inat";"https://inaturalist-open-data.s3.amazonaws.com/photos/29097178/large.jpeg?1544617251";"https://www.inaturalist.org/observations/18978334"
;"Paspalum dilatatum";"Paspalum dilatatum";"Poaceae";3;"inat";"https://inaturalist-open-data.s3.amazonaws.com/photos/145323853/large.jpeg?1626946311";"https://www.inaturalist.org/observations/88100972"
;"Paspalum dilatatum";"Paspalum dilatatum";"Poaceae";4;"inat";"https://inaturalist-open-data.s3.amazonaws.com/photos/150961999/large.jpeg?1629045802";"https://www.inaturalist.org/observations/91281320"
;"Paspalum dilatatum";"Paspalum dilatatum";"Poaceae";5;"inat";"https://inaturalist-open-data.s3.amazonaws.com/photos/150962082/large.jpeg?1629045815";"https://www.inaturalist.org/observations/91281320"
;"Paspalum dilatatum";"Paspalum dilatatum";"Poaceae";6;"inat";"https://inaturalist-open-data.s3.amazonaws.com/photos/145323900/large.jpeg?1626946346";"https://www.inaturalist.org/observations/88100972"
;"Paspalum dilatatum";"Paspalum dilatatum";"Poaceae";7;"inat";"https://inaturalist-open-data.s3.amazonaws.com/photos/145323921/large.jpeg?1626946370";"https://www.inaturalist.org/observations/88100972"
;"Paspalum distichum";"Paspalum distichum";"Poaceae";;;;
;"Paspalum notatum";"Paspalum notatum";"Poaceae";1;"inat";"https://inaturalist-open-data.s3.amazonaws.com/photos/152649165/large.jpeg?1629706268";"https://www.inaturalist.org/observations/92213127"
;"Paspalum notatum";"Paspalum notatum";"Poaceae";2;"inat";"https://inaturalist-open-data.s3.amazonaws.com/photos/148938077/large.jpeg?1628256278";"https://www.inaturalist.org/observations/90139102"
;"Paspalum notatum";"Paspalum notatum";"Poaceae";3;"inat";"https://inaturalist-open-data.s3.amazonaws.com/photos/148937232/large.jpeg?1628255953";"https://www.inaturalist.org/observations/90138669"
;"Paspalum notatum";"Paspalum notatum";"Poaceae";4;"inat";"https://inaturalist-open-data.s3.amazonaws.com/photos/148938156/large.jpeg?1628256304";"https://www.inaturalist.org/observations/90139102"
;"Paspalum notatum";"Paspalum notatum";"Poaceae";5;"inat";"https://inaturalist-open-data.s3.amazonaws.com/photos/148937266/large.jpeg?1628255964";"https://www.inaturalist.org/observations/90138669"
;"Paspalum notatum";"Paspalum notatum";"Poaceae";6;"inat";"https://inaturalist-open-data.s3.amazonaws.com/photos/152649240/large.jpeg?1629706320";"https://www.inaturalist.org/observations/92213127"
;"Paspalum notatum";"Paspalum notatum";"Poaceae";7;"inat";"https://inaturalist-open-data.s3.amazonaws.com/photos/152649301/large.jpeg?1629706351";"https://www.inaturalist.org/observations/92213127"
;"Paspalum nutans";"Paspalum nutans";"Poaceae";1;"inat";"https://inaturalist-open-data.s3.amazonaws.com/photos/147848309/large.jpeg?1627844599";"https://www.inaturalist.org/observations/89525106"
;"Paspalum nutans";"Paspalum nutans";"Poaceae";2;"inat";"https://inaturalist-open-data.s3.amazonaws.com/photos/141385374/large.jpeg?1625555017";"https://www.inaturalist.org/observations/85882436"
;"Paspalum nutans";"Paspalum nutans";"Poaceae";3;"inat";"https://inaturalist-open-data.s3.amazonaws.com/photos/143589367/large.jpeg?1626345927";"https://www.inaturalist.org/observations/87114820"
;"Paspalum nutans";"Paspalum nutans";"Poaceae";4;"inat";"https://inaturalist-open-data.s3.amazonaws.com/photos/147848347/large.jpeg?1627844609";"https://www.inaturalist.org/observations/89525106"
;"Paspalum nutans";"Paspalum nutans";"Poaceae";5;"inat";"https://inaturalist-open-data.s3.amazonaws.com/photos/139268448/large.jpeg?1624810565";"https://www.inaturalist.org/observations/84717569"
;"Paspalum nutans";"Paspalum nutans";"Poaceae";6;"inat";"https://inaturalist-open-data.s3.amazonaws.com/photos/139268552/large.jpeg?1624810583";"https://www.inaturalist.org/observations/84717569"
;"Paspalum nutans";"Paspalum nutans";"Poaceae";7;"inat";"https://inaturalist-open-data.s3.amazonaws.com/photos/139268258/large.jpeg?1624810526";"https://www.inaturalist.org/observations/84717569"
;"Paspalum paniculatum";"Paspalum paniculatum";"Poaceae";1;"inat";"https://inaturalist-open-data.s3.amazonaws.com/photos/150959166/large.jpeg?1629045208";"https://www.inaturalist.org/observations/91279737"
;"Paspalum paniculatum";"Paspalum paniculatum";"Poaceae";2;"inat";"https://inaturalist-open-data.s3.amazonaws.com/photos/136237148/large.jpeg?1623664108";"https://www.inaturalist.org/observations/82976692"
;"Paspalum paniculatum";"Paspalum paniculatum";"Poaceae";3;"inat";"https://inaturalist-open-data.s3.amazonaws.com/photos/139269336/large.jpeg?1624810746";"https://www.inaturalist.org/observations/84718192"
;"Paspalum paniculatum";"Paspalum paniculatum";"Poaceae";4;"inat";"https://inaturalist-open-data.s3.amazonaws.com/photos/147850944/large.jpeg?1627845138";"https://www.inaturalist.org/observations/89526590"
;"Paspalum paniculatum";"Paspalum paniculatum";"Poaceae";5;"inat";"https://inaturalist-open-data.s3.amazonaws.com/photos/136237395/large.jpeg?1623664254";"https://www.inaturalist.org/observations/82976692"
;"Paspalum paniculatum";"Paspalum paniculatum";"Poaceae";6;"inat";"https://inaturalist-open-data.s3.amazonaws.com/photos/136237451/large.jpeg?1623664295";"https://www.inaturalist.org/observations/82976692"
;"Paspalum paniculatum";"Paspalum paniculatum";"Poaceae";7;"inat";"https://inaturalist-open-data.s3.amazonaws.com/photos/139269282/large.jpeg?1624810730";"https://www.inaturalist.org/observations/84718192"
;"Paspalum scrobiculatum";"Paspalum scrobiculatum";"Poaceae";1;"inat";"https://inaturalist-open-data.s3.amazonaws.com/photos/20936012/large.jpg?1530970811";"https://www.inaturalist.org/observations/14130927"
;"Paspalum scrobiculatum";"Paspalum scrobiculatum";"Poaceae";2;"inat";"https://inaturalist-open-data.s3.amazonaws.com/photos/139268817/large.jpeg?1624810640";"https://www.inaturalist.org/observations/84717928"
;"Paspalum scrobiculatum";"Paspalum scrobiculatum";"Poaceae";3;"inat";"https://inaturalist-open-data.s3.amazonaws.com/photos/139269085/large.jpeg?1624810690";"https://www.inaturalist.org/observations/84717928"
;"Paspalum scrobiculatum";"Paspalum scrobiculatum";"Poaceae";4;"inat";"https://inaturalist-open-data.s3.amazonaws.com/photos/139269195/large.jpeg?1624810713";"https://www.inaturalist.org/observations/84717928"
;"Paspalum scrobiculatum";"Paspalum scrobiculatum";"Poaceae";5;"inat";"https://inaturalist-open-data.s3.amazonaws.com/photos/136240178/large.jpeg?1623665862";"https://www.inaturalist.org/observations/82978336"
;"Paspalum scrobiculatum";"Paspalum scrobiculatum";"Poaceae";6;"inat";"https://inaturalist-open-data.s3.amazonaws.com/photos/136240247/large.jpeg?1623665903";"https://www.inaturalist.org/observations/82978336"
;"Paspalum scrobiculatum";"Paspalum scrobiculatum";"Poaceae";7;"inat";"https://inaturalist-open-data.s3.amazonaws.com/photos/136240280/large.jpeg?1623665925";"https://www.inaturalist.org/observations/82978336"
;"Paspalum urvillei";"Paspalum urvillei";"Poaceae";1;"inat";"https://inaturalist-open-data.s3.amazonaws.com/photos/146834497/large.jpeg?1627488642";"https://www.inaturalist.org/observations/88951607"
;"Paspalum urvillei";"Paspalum urvillei";"Poaceae";2;"inat";"https://inaturalist-open-data.s3.amazonaws.com/photos/149607154/large.jpeg?1628501804";"https://www.inaturalist.org/observations/90513179"
;"Paspalum urvillei";"Paspalum urvillei";"Poaceae";3;"inat";"https://inaturalist-open-data.s3.amazonaws.com/photos/146834529/large.jpeg?1627488652";"https://www.inaturalist.org/observations/88951607"
;"Paspalum urvillei";"Paspalum urvillei";"Poaceae";4;"inat";"https://inaturalist-open-data.s3.amazonaws.com/photos/149607171/large.jpeg?1628501815";"https://www.inaturalist.org/observations/90513179"
;"Paspalum urvillei";"Paspalum urvillei";"Poaceae";5;"inat";"https://inaturalist-open-data.s3.amazonaws.com/photos/146834661/large.jpeg?1627488693";"https://www.inaturalist.org/observations/88951607"
;"Paspalum urvillei";"Paspalum urvillei";"Poaceae";6;"inat";"https://inaturalist-open-data.s3.amazonaws.com/photos/146834710/large.jpeg?1627488708";"https://www.inaturalist.org/observations/88951607"
;"Paspalum urvillei";"Paspalum urvillei";"Poaceae";7;"inat";"https://inaturalist-open-data.s3.amazonaws.com/photos/146834942/large.jpeg?1627488761";"https://www.inaturalist.org/observations/88951607"
;"Paspalum vaginatum";;"Poaceae";;;;
;"Perotis indica";;"Poaceae";;;;
;"Phalaris canariensis";;"Poaceae";;;;
;"Phragmites mauritianus";;"Poaceae";;;;
;"Poa annua";;"Poaceae";;;;
;"Poa borbonica";;"Poaceae";;;;
;"Poa cordemoyi";;"Poaceae";;;;
;"Poa pratensis";;"Poaceae";;;;
;"Poa teretifolia";;"Poaceae";;;;
;"Pogonatherum paniceum";"Pogonatherum paniceum";"Poaceae";1;"inat";"https://inaturalist-open-data.s3.amazonaws.com/photos/147854107/large.jpeg?1627845768";"https://www.inaturalist.org/observations/89528264"
;"Pogonatherum paniceum";"Pogonatherum paniceum";"Poaceae";2;"inat";"https://inaturalist-open-data.s3.amazonaws.com/photos/147854234/large.jpeg?1627845787";"https://www.inaturalist.org/observations/89528264"
;"Pogonatherum paniceum";"Pogonatherum paniceum";"Poaceae";3;"inat";"https://inaturalist-open-data.s3.amazonaws.com/photos/147854166/large.jpeg?1627845778";"https://www.inaturalist.org/observations/89528264"
;"Pogonatherum paniceum";"Pogonatherum paniceum";"Poaceae";4;"inat";"https://inaturalist-open-data.s3.amazonaws.com/photos/148006236/large.jpeg?1627895169";"https://www.inaturalist.org/observations/89528264"
;"Pogonatherum paniceum";"Pogonatherum paniceum";"Poaceae";5;"inat";"https://inaturalist-open-data.s3.amazonaws.com/photos/136239865/large.jpeg?1623665704";"https://www.inaturalist.org/observations/82978217"
;"Pogonatherum paniceum";"Pogonatherum paniceum";"Poaceae";6;"inat";"https://inaturalist-open-data.s3.amazonaws.com/photos/139259899/large.jpeg?1624808744";"https://www.inaturalist.org/observations/84712575"
;"Pogonatherum paniceum";"Pogonatherum paniceum";"Poaceae";7;"inat";"https://inaturalist-open-data.s3.amazonaws.com/photos/142569583/large.jpeg?1625997443";"https://www.inaturalist.org/observations/86533541"
;"Polypogon viridis";;"Poaceae";1;"inat";"https://inaturalist-open-data.s3.amazonaws.com/photos/100857160/large.jpg?1603031772";"https://www.inaturalist.org/observations/62897683"
;"Polypogon viridis";;"Poaceae";2;"inat";"https://inaturalist-open-data.s3.amazonaws.com/photos/143923036/large.jpeg?1626463968";"https://www.inaturalist.org/observations/87310835"
;"Polypogon viridis";;"Poaceae";3;"inat";"https://inaturalist-open-data.s3.amazonaws.com/photos/138820929/large.jpeg?1624649755";"https://www.inaturalist.org/observations/84464391"
;"Polypogon viridis";;"Poaceae";4;"inat";"https://inaturalist-open-data.s3.amazonaws.com/photos/44141046/large.jpeg?1562450617";"https://www.inaturalist.org/observations/28325389"
;"Polypogon viridis";;"Poaceae";5;"inat";"https://inaturalist-open-data.s3.amazonaws.com/photos/43837107/large.jpeg?1562185331";"https://www.inaturalist.org/observations/28139233"
;"Polypogon viridis";;"Poaceae";6;"inat";"https://inaturalist-open-data.s3.amazonaws.com/photos/109740266/large.jpeg?1610293787";"https://www.inaturalist.org/observations/67856261"
;"Polypogon viridis";;"Poaceae";7;"inat";"https://inaturalist-open-data.s3.amazonaws.com/photos/136066691/large.jpeg?1623608800";"https://www.inaturalist.org/observations/82893346"
;"Pseudolasiacis leptolomoides";;"Poaceae";1;"mhnm";"http://mediaphoto.mnhn.fr/media/1442379821403NrFxOzrYs18BD5YX";"http://coldb.mnhn.fr/catalognumber/mnhn/p/p00346323"
;"Rhynchospora corymbosa";;"Cyperaceae";;;;
;"Rhynchospora holoschoenoides";;"Cyperaceae";;;;
;"Rhynchospora rugosa";;"Cyperaceae";;;;
;"Rottboellia cochinchinensis";;"Poaceae";1;"inat";"https://inaturalist-open-data.s3.amazonaws.com/photos/150961542/large.jpeg?1629045706";"https://www.inaturalist.org/observations/91281097"
;"Rottboellia cochinchinensis";;"Poaceae";2;"inat";"https://inaturalist-open-data.s3.amazonaws.com/photos/150961353/large.jpeg?1629045667";"https://www.inaturalist.org/observations/91281097"
;"Rottboellia cochinchinensis";;"Poaceae";3;"inat";"https://inaturalist-open-data.s3.amazonaws.com/photos/150961592/large.jpeg?1629045718";"https://www.inaturalist.org/observations/91281097"
;"Rottboellia cochinchinensis";;"Poaceae";4;"inat";"https://inaturalist-open-data.s3.amazonaws.com/photos/150961702/large.jpeg?1629045744";"https://www.inaturalist.org/observations/91281097"
;"Saccharum spontaneum";;"Poaceae";;;;
;"Sacciolepis indica";"Sacciolepis indica";"Poaceae";1;"inat";"https://inaturalist-open-data.s3.amazonaws.com/photos/148006124/large.jpeg?1627895095";"https://www.inaturalist.org/observations/89613263"
;"Sacciolepis indica";"Sacciolepis indica";"Poaceae";2;"inat";"https://inaturalist-open-data.s3.amazonaws.com/photos/150959671/large.jpeg?1629045312";"https://www.inaturalist.org/observations/91280040"
;"Sacciolepis indica";"Sacciolepis indica";"Poaceae";3;"inat";"https://inaturalist-open-data.s3.amazonaws.com/photos/148006151/large.jpeg?1627895106";"https://www.inaturalist.org/observations/89613263"
;"Sacciolepis indica";"Sacciolepis indica";"Poaceae";4;"inat";"https://inaturalist-open-data.s3.amazonaws.com/photos/148006206/large.jpeg?1627895137";"https://www.inaturalist.org/observations/89613263"
;"Sacciolepis indica";"Sacciolepis indica";"Poaceae";5;"inat";"https://inaturalist-open-data.s3.amazonaws.com/photos/148006226/large.jpeg?1627895159";"https://www.inaturalist.org/observations/89613263"
;"Sacciolepis indica";"Sacciolepis indica";"Poaceae";6;"inat";"https://inaturalist-open-data.s3.amazonaws.com/photos/148006217/large.jpeg?1627895149";"https://www.inaturalist.org/observations/89613263"
;"Sacciolepis indica";"Sacciolepis indica";"Poaceae";7;"inat";"https://inaturalist-open-data.s3.amazonaws.com/photos/148006194/large.jpeg?1627895127";"https://www.inaturalist.org/observations/89613263"
;"Schoenoplectiella lateriflora";;"Cyperaceae";;;;
;"Scleria sieberi";;"Cyperaceae";;;;
;"Setaria barbata";;"Poaceae";1;"inat";"https://inaturalist-open-data.s3.amazonaws.com/photos/152648557/large.jpeg?1629705802";"https://www.inaturalist.org/observations/92212833"
;"Setaria barbata";;"Poaceae";2;"inat";"https://inaturalist-open-data.s3.amazonaws.com/photos/152648540/large.jpeg?1629705789";"https://www.inaturalist.org/observations/92212833"
;"Setaria barbata";;"Poaceae";3;"inat";"https://inaturalist-open-data.s3.amazonaws.com/photos/136240674/large.jpeg?1623666124";"https://www.inaturalist.org/observations/82978671"
;"Setaria barbata";;"Poaceae";4;"inat";"https://inaturalist-open-data.s3.amazonaws.com/photos/152648613/large.jpeg?1629705856";"https://www.inaturalist.org/observations/92212833"
;"Setaria barbata";;"Poaceae";5;"inat";"https://inaturalist-open-data.s3.amazonaws.com/photos/152648653/large.jpeg?1629705884";"https://www.inaturalist.org/observations/92212833"
;"Setaria barbata";;"Poaceae";6;"inat";"https://inaturalist-open-data.s3.amazonaws.com/photos/152648605/large.jpeg?1629705844";"https://www.inaturalist.org/observations/92212833"
;"Setaria barbata";;"Poaceae";7;"inat";"https://inaturalist-open-data.s3.amazonaws.com/photos/152648594/large.jpeg?1629705832";"https://www.inaturalist.org/observations/92212833"
;"Setaria intermedia";;"Poaceae";;;;
;"Setaria italica";;"Poaceae";;;;
;"Setaria megaphylla";;"Poaceae";;;;
;"Setaria pumila";;"Poaceae";1;"inat";"https://inaturalist-open-data.s3.amazonaws.com/photos/161642114/large.jpeg?1633409718";"https://www.inaturalist.org/observations/97218720"
;"Setaria pumila";;"Poaceae";2;"inat";"https://inaturalist-open-data.s3.amazonaws.com/photos/139197681/large.jpeg?1624789999";"https://www.inaturalist.org/observations/84676294"
;"Setaria pumila";;"Poaceae";3;"inat";"https://inaturalist-open-data.s3.amazonaws.com/photos/153300037/large.jpeg?1629989033";"https://www.inaturalist.org/observations/92573614"
;"Setaria pumila";;"Poaceae";4;"inat";"https://inaturalist-open-data.s3.amazonaws.com/photos/153300068/large.jpeg?1629989042";"https://www.inaturalist.org/observations/92573614"
;"Setaria pumila";;"Poaceae";5;"inat";"https://inaturalist-open-data.s3.amazonaws.com/photos/139197644/large.jpeg?1624789982";"https://www.inaturalist.org/observations/84676294"
;"Setaria pumila";;"Poaceae";6;"inat";"https://inaturalist-open-data.s3.amazonaws.com/photos/153300121/large.jpeg?1629989063";"https://www.inaturalist.org/observations/92573614"
;"Setaria pumila";;"Poaceae";7;"inat";"https://inaturalist-open-data.s3.amazonaws.com/photos/139197608/large.jpeg?1624789968";"https://www.inaturalist.org/observations/84676294"
;"Setaria sphacelata";;"Poaceae";1;"inat";"https://inaturalist-open-data.s3.amazonaws.com/photos/153300402/large.jpeg?1629989157";"https://www.inaturalist.org/observations/92573878"
;"Setaria sphacelata";;"Poaceae";2;"inat";"https://inaturalist-open-data.s3.amazonaws.com/photos/160032579/large.jpeg?1632722112";"https://www.inaturalist.org/observations/96336252"
;"Setaria sphacelata";;"Poaceae";3;"inat";"https://inaturalist-open-data.s3.amazonaws.com/photos/160032617/large.jpeg?1632722136";"https://www.inaturalist.org/observations/96336252"
;"Setaria sphacelata";;"Poaceae";4;"inat";"https://inaturalist-open-data.s3.amazonaws.com/photos/153300458/large.jpeg?1629989175";"https://www.inaturalist.org/observations/92573878"
;"Setaria sphacelata";;"Poaceae";5;"inat";"https://inaturalist-open-data.s3.amazonaws.com/photos/160032652/large.jpeg?1632722167";"https://www.inaturalist.org/observations/96336252"
;"Setaria sphacelata";;"Poaceae";6;"inat";"https://inaturalist-open-data.s3.amazonaws.com/photos/160032680/large.jpeg?1632722186";"https://www.inaturalist.org/observations/96336252"
;"Setaria sphacelata";;"Poaceae";7;"inat";"https://inaturalist-open-data.s3.amazonaws.com/photos/153300555/large.jpeg?1629989210";"https://www.inaturalist.org/observations/92573878"
;"Setaria verticillata";;"Poaceae";;;;
;"Sorghum arundinaceum";;"Poaceae";1;"inat";"https://inaturalist-open-data.s3.amazonaws.com/photos/157388305/large.jpeg?1631644454";"https://www.inaturalist.org/observations/94850709"
;"Sorghum arundinaceum";;"Poaceae";2;"inat";"https://inaturalist-open-data.s3.amazonaws.com/photos/161642076/large.jpeg?1633409691";"https://www.inaturalist.org/observations/97218669"
;"Sorghum arundinaceum";;"Poaceae";3;"inat";"https://inaturalist-open-data.s3.amazonaws.com/photos/157387243/large.jpeg?1631644165";"https://www.inaturalist.org/observations/94850152"
;"Sorghum arundinaceum";;"Poaceae";4;"inat";"https://inaturalist-open-data.s3.amazonaws.com/photos/161642060/large.jpeg?1633409679";"https://www.inaturalist.org/observations/97218669"
;"Sorghum arundinaceum";;"Poaceae";5;"inat";"https://inaturalist-open-data.s3.amazonaws.com/photos/157388361/large.jpeg?1631644466";"https://www.inaturalist.org/observations/94850709"
;"Sorghum arundinaceum";;"Poaceae";6;"inat";"https://inaturalist-open-data.s3.amazonaws.com/photos/136680826/large.jpeg?1623826045";"https://www.inaturalist.org/observations/83231761"
;"Sorghum arundinaceum";;"Poaceae";7;"inat";"https://inaturalist-open-data.s3.amazonaws.com/photos/157387314/large.jpeg?1631644185";"https://www.inaturalist.org/observations/94850152"
;"Sporobolus africanus";;"Poaceae";;;;
;"Sporobolus coromandelianus";;"Poaceae";;;;
;"Sporobolus pyramidalis";;"Poaceae";;;;
;"Sporobolus tenuissimus";;"Poaceae";1;"inat";"https://inaturalist-open-data.s3.amazonaws.com/photos/163495874/large.jpeg?1634241626";"https://www.inaturalist.org/observations/98224290"
;"Sporobolus tenuissimus";;"Poaceae";2;"inat";"https://inaturalist-open-data.s3.amazonaws.com/photos/152649084/large.jpeg?1629706202";"https://www.inaturalist.org/observations/92213094"
;"Sporobolus tenuissimus";;"Poaceae";3;"inat";"https://inaturalist-open-data.s3.amazonaws.com/photos/148937852/large.jpeg?1628256198";"https://www.inaturalist.org/observations/90139004"
;"Sporobolus tenuissimus";;"Poaceae";4;"inat";"https://inaturalist-open-data.s3.amazonaws.com/photos/148937814/large.jpeg?1628256185";"https://www.inaturalist.org/observations/90139004"
;"Sporobolus tenuissimus";;"Poaceae";5;"inat";"https://inaturalist-open-data.s3.amazonaws.com/photos/164776496/large.jpeg?1634843370";"https://www.inaturalist.org/observations/98906436"
;"Sporobolus tenuissimus";;"Poaceae";6;"inat";"https://inaturalist-open-data.s3.amazonaws.com/photos/137951856/large.jpeg?1624300719";"https://www.inaturalist.org/observations/83964741"
;"Sporobolus tenuissimus";;"Poaceae";7;"inat";"https://inaturalist-open-data.s3.amazonaws.com/photos/137951654/large.jpeg?1624300672";"https://www.inaturalist.org/observations/83964741"
;"Sporobolus virginicus";;"Poaceae";;;;
;"Stenotaphrum dimidiatum";;"Poaceae";1;"inat";"https://inaturalist-open-data.s3.amazonaws.com/photos/147847918/large.jpeg?1627844520";"https://www.inaturalist.org/observations/89524862"
;"Stenotaphrum dimidiatum";;"Poaceae";2;"inat";"https://inaturalist-open-data.s3.amazonaws.com/photos/144600391/large.jpeg?1626685195";"https://www.inaturalist.org/observations/87687852"
;"Stenotaphrum dimidiatum";;"Poaceae";3;"inat";"https://inaturalist-open-data.s3.amazonaws.com/photos/137107124/large.jpeg?1623996435";"https://www.inaturalist.org/observations/83477145"
;"Stenotaphrum dimidiatum";;"Poaceae";4;"inat";"https://inaturalist-open-data.s3.amazonaws.com/photos/135079262/large.jpeg?1623256855";"https://www.inaturalist.org/observations/82309982"
;"Stenotaphrum dimidiatum";;"Poaceae";5;"inat";"https://inaturalist-open-data.s3.amazonaws.com/photos/136680987/large.jpeg?1623826167";"https://www.inaturalist.org/observations/83231846"
;"Stenotaphrum dimidiatum";;"Poaceae";6;"inat";"https://inaturalist-open-data.s3.amazonaws.com/photos/135079365/large.jpeg?1623256875";"https://www.inaturalist.org/observations/82309982"
;"Stenotaphrum dimidiatum";;"Poaceae";7;"inat";"https://inaturalist-open-data.s3.amazonaws.com/photos/135079460/large.jpeg?1623256895";"https://www.inaturalist.org/observations/82309982"
;"Stenotaphrum micranthum";;"Poaceae";;;;
;"Themeda quadrivalvis";;"Poaceae";1;"inat";"https://inaturalist-open-data.s3.amazonaws.com/photos/148053954/large.jpeg?1627915138";"https://www.inaturalist.org/observations/89640889"
;"Themeda quadrivalvis";;"Poaceae";2;"inat";"https://inaturalist-open-data.s3.amazonaws.com/photos/136239529/large.jpeg?1623665500";"https://www.inaturalist.org/observations/82978006"
;"Themeda quadrivalvis";;"Poaceae";3;"inat";"https://inaturalist-open-data.s3.amazonaws.com/photos/148054014/large.jpeg?1627915160";"https://www.inaturalist.org/observations/89640889"
;"Themeda quadrivalvis";;"Poaceae";4;"inat";"https://inaturalist-open-data.s3.amazonaws.com/photos/136239561/large.jpeg?1623665518";"https://www.inaturalist.org/observations/82978006"
;"Themeda quadrivalvis";;"Poaceae";5;"inat";"https://inaturalist-open-data.s3.amazonaws.com/photos/148053984/large.jpeg?1627915149";"https://www.inaturalist.org/observations/89640889"
;"Themeda quadrivalvis";;"Poaceae";6;"inat";"https://inaturalist-open-data.s3.amazonaws.com/photos/148054124/large.jpeg?1627915185";"https://www.inaturalist.org/observations/89640889"
;"Themeda quadrivalvis";;"Poaceae";7;"inat";"https://inaturalist-open-data.s3.amazonaws.com/photos/148054075/large.jpeg?1627915173";"https://www.inaturalist.org/observations/89640889"
;"Thysanolaena latifolia";;"Poaceae";1;"inat";"https://inaturalist-open-data.s3.amazonaws.com/photos/142568787/large.jpeg?1625997056";"https://www.inaturalist.org/observations/86533096"
;"Thysanolaena latifolia";;"Poaceae";2;"inat";"https://inaturalist-open-data.s3.amazonaws.com/photos/143588373/large.jpeg?1626345407";"https://www.inaturalist.org/observations/87114281"
;"Thysanolaena latifolia";;"Poaceae";3;"inat";"https://inaturalist-open-data.s3.amazonaws.com/photos/139302457/large.jpeg?1624817524";"https://www.inaturalist.org/observations/84736701"
;"Thysanolaena latifolia";;"Poaceae";4;"inat";"https://inaturalist-open-data.s3.amazonaws.com/photos/139302506/large.jpeg?1624817533";"https://www.inaturalist.org/observations/84736701"
;"Thysanolaena latifolia";;"Poaceae";5;"inat";"https://inaturalist-open-data.s3.amazonaws.com/photos/147847061/large.jpeg?1627844345";"https://www.inaturalist.org/observations/89524431"
;"Thysanolaena latifolia";;"Poaceae";6;"inat";"https://inaturalist-open-data.s3.amazonaws.com/photos/142568805/large.jpeg?1625997066";"https://www.inaturalist.org/observations/86533096"
;"Tragus mongolorum";;"Poaceae";;;;
;"Tricholaena monachne";;"Poaceae";;;;
;"Tripsacum andersonii";;"Poaceae";;;;
;"Urochloa deflexa";;"Poaceae";;;;
;"Urochloa distachyos";;"Poaceae";;;;
;"Urochloa glumaris";"Urochloa glumaris";"Poaceae";1;"inat";"https://inaturalist-open-data.s3.amazonaws.com/photos/139551058/large.jpeg?1624902102";"https://www.inaturalist.org/observations/84873252"
;"Urochloa glumaris";"Urochloa glumaris";"Poaceae";2;"inat";"https://inaturalist-open-data.s3.amazonaws.com/photos/152648981/large.jpeg?1629706121";"https://www.inaturalist.org/observations/92213029"
;"Urochloa glumaris";"Urochloa glumaris";"Poaceae";3;"inat";"https://inaturalist-open-data.s3.amazonaws.com/photos/152649017/large.jpeg?1629706152";"https://www.inaturalist.org/observations/92213029"
;"Urochloa glumaris";"Urochloa glumaris";"Poaceae";4;"inat";"https://inaturalist-open-data.s3.amazonaws.com/photos/139551169/large.jpeg?1624902130";"https://www.inaturalist.org/observations/84873252"
;"Urochloa glumaris";"Urochloa glumaris";"Poaceae";5;"inat";"https://inaturalist-open-data.s3.amazonaws.com/photos/139551269/large.jpeg?1624902152";"https://www.inaturalist.org/observations/84873252"
;"Urochloa glumaris";"Urochloa glumaris";"Poaceae";6;"inat";"https://inaturalist-open-data.s3.amazonaws.com/photos/139551307/large.jpeg?1624902162";"https://www.inaturalist.org/observations/84873252"
;"Urochloa glumaris";"Urochloa glumaris";"Poaceae";7;"inat";"https://inaturalist-open-data.s3.amazonaws.com/photos/139551552/large.jpeg?1624902223";"https://www.inaturalist.org/observations/84873252"
;"Urochloa mutica";"Brachiaria mutica";"Poaceae";1;"inat";"https://inaturalist-open-data.s3.amazonaws.com/photos/139198197/large.jpeg?1624790271";"https://www.inaturalist.org/observations/84676650"
;"Urochloa mutica";"Brachiaria mutica";"Poaceae";2;"inat";"https://inaturalist-open-data.s3.amazonaws.com/photos/143107791/large.jpeg?1626164317";"https://www.inaturalist.org/observations/86827330"
;"Urochloa mutica";"Brachiaria mutica";"Poaceae";3;"inat";"https://inaturalist-open-data.s3.amazonaws.com/photos/139198266/large.jpeg?1624790316";"https://www.inaturalist.org/observations/84676650"
;"Urochloa mutica";"Brachiaria mutica";"Poaceae";4;"inat";"https://inaturalist-open-data.s3.amazonaws.com/photos/143107813/large.jpeg?1626164330";"https://www.inaturalist.org/observations/86827330"
;"Urochloa mutica";"Brachiaria mutica";"Poaceae";5;"inat";"https://inaturalist-open-data.s3.amazonaws.com/photos/139198328/large.jpeg?1624790354";"https://www.inaturalist.org/observations/84676650"
;"Urochloa mutica";"Brachiaria mutica";"Poaceae";6;"inat";"https://inaturalist-open-data.s3.amazonaws.com/photos/139198481/large.jpeg?1624790432";"https://www.inaturalist.org/observations/84676650"
;"Urochloa mutica";"Brachiaria mutica";"Poaceae";7;"inat";"https://inaturalist-open-data.s3.amazonaws.com/photos/139198358/large.jpeg?1624790371";"https://www.inaturalist.org/observations/84676650"
;"Urochloa panicoides";;"Poaceae";;;;
;"Urochloa ramosa";;"Poaceae";;;;
;"Urochloa reptans";;"Poaceae";;;;
;"Urochloa subquadripara";;"Poaceae";;;;
;"Vulpia bromoides";;"Poaceae";;;;
;"Vulpia myuros";;"Poaceae";;;;
;"Zoysia matrella";;"Poaceae";;;;
